PM2.5 (µg/m³),PM10 (µg/m³),NO (µg/m³),NO2 (µg/m³),NOx (ppb),NH3 (µg/m³),SO2 (µg/m³),CO (mg/m³),Ozone (µg/m³),Benzene (µg/m³),Leighton_ratio,VOC_NOx_ratio,O3_lag1,NOx_lag1
458.86,497.51,91.25,50.6,101.1,34.24,12.0,4.51,11.47,5.48,20.283672480620154,0.0536728697355533,10.33,92.1
198.92,219.98,93.91,64.44,110.62,19.99,7.22,3.17,10.74,3.79,15.412490831295845,0.0339544884429313,11.47,101.1
224.26,255.98,83.32,65.87,102.78,18.48,5.9,2.93,16.1,2.78,20.060595184686704,0.0267874349585661,10.74,110.62
149.03,172.24,36.83,44.97,53.86,10.13,5.39,1.3,20.47,0.63,16.4000456819665,0.0114837768866204,16.1,102.78
139.48,171.82,40.16,48.19,58.28,11.1,5.97,1.43,10.15,0.86,8.286724944094328,0.0145074224021592,20.47,53.86
121.84,151.75,55.46,51.22,72.33,13.33,6.19,1.75,7.39,0.99,7.848513979318269,0.0135006136642574,10.15,58.28
115.04,128.55,42.94,41.07,56.76,11.26,3.39,1.37,7.38,0.71,7.532617066793439,0.012292243767313,7.39,72.33
83.37,101.56,28.58,33.91,41.27,8.44,4.65,0.92,14.23,0.39,11.649767974792324,0.0092264017033356,7.38,56.76
116.21,149.62,34.47,28.62,43.25,20.56,11.69,1.42,21.61,0.66,25.14843686698177,0.0149152542372881,14.23,41.27
136.53,181.94,53.19,21.14,54.48,40.24,18.89,1.98,21.66,1.02,52.03682926829268,0.0183850036049026,21.61,43.25
205.76,270.19,85.1,18.94,78.94,55.86,17.89,2.92,20.95,1.75,89.41048144433299,0.0218914185639229,21.66,54.48
231.99,298.67,89.31,22.29,84.24,56.28,15.1,2.88,7.21,1.66,27.64813653928725,0.0194744251525105,20.95,78.94
142.37,172.03,40.91,17.74,42.63,29.28,11.43,1.21,9.21,0.33,20.105715048025612,0.0075636030254412,7.21,84.24
124.64,159.43,42.23,21.64,45.78,30.65,14.46,1.23,10.71,0.37,19.97717756183745,0.0079093629756306,9.21,42.63
132.67,160.13,47.53,19.24,48.75,32.29,13.13,1.34,4.2,0.47,9.86294466403162,0.0094472361809045,10.71,45.78
97.65,123.37,46.52,16.85,46.74,30.75,9.73,1.38,7.44,0.41,19.3898487394958,0.0085881860075408,4.2,48.75
127.97,172.36,52.47,19.52,52.92,34.56,10.74,1.57,11.06,0.45,28.280614035087723,0.0083456973293768,7.44,46.74
119.67,152.44,31.18,15.97,33.81,23.33,7.48,1.06,17.73,0.37,32.576393635827934,0.0106291295604711,11.06,52.92
145.41,196.61,46.95,15.99,46.58,29.84,9.06,1.77,13.24,0.62,36.587286639199526,0.0130306851618327,17.73,33.81
191.91,266.73,82.24,17.91,75.55,48.47,14.05,2.6,7.37,0.84,32.05228979375991,0.0109732201175702,13.24,46.58
213.27,283.7,58.7,20.37,58.43,40.04,12.08,2.18,9.06,0.57,24.886382779597565,0.0095911155981827,7.37,75.55
72.43,108.63,33.88,18.43,37.34,25.35,10.33,0.85,22.81,0.25,39.77369016984046,0.0065206051121544,9.06,58.43
92.35,132.84,41.65,20.24,44.6,28.94,14.59,1.12,24.93,0.24,48.88580508474576,0.0052631578947368,22.81,37.34
137.99,196.07,68.1,23.84,68.02,42.58,16.01,1.95,17.69,0.23,48.49794685990339,0.0033323674297305,24.93,44.6
162.27,228.25,94.32,17.18,85.75,53.92,17.28,2.68,17.56,0.26,91.10336633663366,0.0029971181556195,17.69,68.02
173.18,261.59,101.03,27.14,96.44,60.75,23.87,3.01,7.32,0.22,26.2807249466951,0.0022577996715927,17.56,85.75
101.49,161.69,56.57,22.7,57.9,38.13,13.04,1.55,7.88,0.21,18.808928270042195,0.0035653650254668,7.32,96.44
73.73,135.24,54.23,20.23,54.75,36.11,10.81,1.36,14.24,0.21,36.37471502590673,0.0037668161434977,7.88,57.9
82.59,134.63,44.69,22.04,47.88,31.48,9.8,1.13,15.46,0.39,29.987300347222227,0.0079787234042553,14.24,54.75
89.68,129.96,49.91,22.47,52.47,34.05,10.64,1.4,15.25,0.52,32.429804005112906,0.0097250794838227,15.46,47.88
98.45,144.96,65.04,20.96,63.89,40.92,11.13,1.66,16.29,0.65,48.24688524590164,0.0100169517645245,15.25,52.47
115.58,158.64,52.79,23.23,55.23,35.41,11.39,1.57,17.25,0.6,37.582645480808914,0.0106704606082162,16.29,63.89
130.31,192.2,85.7,24.33,82.64,50.92,13.86,2.53,17.99,1.2,60.86628503750494,0.0143472022955523,17.25,55.23
194.65,282.92,130.42,30.75,122.08,74.89,25.13,3.74,14.0,2.21,57.50803149606299,0.0179558011049723,17.99,82.64
138.64,191.83,59.11,23.61,60.58,38.22,18.34,1.65,15.81,0.58,37.97355140186916,0.0094186424163689,14.0,122.08
116.53,153.26,54.34,24.43,57.14,36.05,13.57,1.73,15.81,0.44,33.783539127015345,0.0075679394564843,15.81,60.58
152.98,206.73,79.23,24.23,77.16,48.27,21.26,2.15,15.81,0.62,49.648287752675394,0.0079324462640736,15.81,57.14
144.17,185.83,44.3,24.5,49.03,31.87,17.62,1.51,15.81,0.39,27.466,0.0077953228063162,15.81,77.16
130.96,172.57,52.54,27.48,57.33,36.03,21.59,1.77,15.81,0.31,29.166341292134835,0.0053145894051088,15.81,49.03
109.94,175.56,83.35,25.68,81.41,50.1,18.24,2.74,3.2,0.39,9.997001499250374,0.0047324353840553,15.81,57.33
153.2,229.13,105.98,24.66,99.2,60.97,19.88,3.26,17.08,0.39,70.54319563522992,0.0038922155688622,3.2,81.41
154.54,205.54,53.33,25.47,56.89,36.82,21.79,1.9,19.76,0.39,39.81113713638081,0.0067369148384867,17.08,99.2
79.66,122.26,42.32,20.87,45.51,29.93,26.84,1.3,25.19,0.39,48.74443529949703,0.0083852934852719,19.76,56.89
62.84,111.72,46.21,20.58,48.47,32.07,21.68,1.19,27.27,0.39,58.3941936978684,0.007883565797453,25.19,45.51
70.85,119.47,50.12,26.46,54.8,35.36,29.69,1.39,22.29,0.39,40.68371449380918,0.0069892473118279,27.27,48.47
113.78,165.76,73.06,29.68,75.18,46.07,27.42,2.15,19.79,0.39,47.12703389830508,0.0051194539249146,22.29,54.8
143.0,203.51,80.13,29.98,81.09,51.19,28.1,2.35,16.86,0.39,43.60851517107811,0.0047508831770008,19.79,75.18
117.47,176.77,77.95,31.06,79.88,48.99,37.32,3.41,19.52,0.39,47.460511540860885,0.0048219584569732,16.86,81.09
136.61,213.21,138.64,33.84,130.52,80.79,29.27,5.17,15.32,0.39,60.96339839265211,0.0029653284671532,19.52,79.88
132.62,186.82,64.33,33.01,69.71,44.6,18.68,1.33,23.97,0.39,45.339314907380185,0.0055154857870173,15.32,130.52
79.54,100.89,52.14,22.27,54.19,35.13,13.4,0.74,25.04,0.39,56.10595616673829,0.0070664975539046,23.97,69.71
138.85,180.53,76.53,24.05,74.88,46.44,19.71,1.65,16.14,0.39,49.30914970059881,0.0051396942540853,25.04,54.19
209.12,248.63,63.55,24.16,64.45,42.07,18.3,0.96,21.43,0.39,54.128636724960245,0.0059587471352177,16.14,74.88
146.84,190.63,62.89,27.69,65.77,41.99,19.7,0.81,22.81,0.39,50.00072847682119,0.005840946532874,21.43,64.45
192.54,256.12,66.39,27.68,68.69,42.99,22.38,1.09,24.91,0.39,57.66300209205021,0.0055962117950925,22.81,65.77
167.53,233.82,88.05,28.12,86.52,53.96,19.36,1.55,23.56,0.39,71.23825549450548,0.0044561243144424,24.91,68.69
148.71,232.95,77.56,29.86,78.77,49.72,12.31,1.04,18.44,1.03,46.34499027867791,0.0129121223517613,23.56,86.52
95.22,128.86,72.47,30.56,74.92,47.77,9.42,0.87,24.33,0.54,55.86803231939164,0.0071127502634351,18.44,78.77
70.51,97.49,75.13,28.72,76.19,48.67,10.71,0.98,24.05,0.41,60.79665208613728,0.0053115688560694,24.33,74.92
56.09,95.37,88.99,28.83,87.6,53.85,12.0,1.43,33.25,0.62,99.19267515923568,0.0069977426636568,24.05,76.19
128.81,182.03,125.14,28.36,116.6,71.66,17.46,2.65,33.36,1.85,142.1890463215259,0.0157312925170068,33.25,87.6
106.42,147.49,94.28,29.3,92.2,57.98,14.76,1.28,36.75,1.3,114.34950495049505,0.0139484978540772,33.36,116.6
107.18,171.15,109.06,32.54,105.77,65.44,19.74,1.49,26.75,0.91,86.98136553369112,0.008522993350192,36.75,92.2
39.48,68.3,75.14,28.59,76.11,48.68,10.52,0.69,27.46,0.59,69.73113889827644,0.0076514070807936,26.75,105.77
26.71,41.57,64.86,25.76,66.22,42.69,6.56,0.56,22.19,0.37,53.78338565022421,0.0055043141922047,27.46,76.11
59.96,88.78,68.43,25.08,68.65,43.15,6.58,0.85,23.76,1.17,62.34266871165645,0.0167982770997846,22.19,66.22
78.03,109.35,77.18,21.43,73.76,47.03,8.86,0.85,40.06,0.73,137.84354881854662,0.009764579989299,23.76,68.65
50.87,88.03,59.17,22.26,59.89,38.6,10.44,0.43,40.59,0.35,103.2549570077386,0.0057480702906881,40.06,73.76
83.59,127.41,61.76,26.46,64.26,41.09,19.3,0.55,48.23,0.17,108.47359067734884,0.0026049647563591,40.59,59.89
76.63,113.03,73.76,28.68,74.98,48.02,13.2,0.6,27.95,0.15,69.46064690026955,0.0019742037378257,48.23,64.26
92.73,142.03,93.35,24.23,88.41,55.33,13.48,1.09,25.24,0.15,93.38699960364644,0.0016776646907504,27.95,74.98
57.58,117.35,71.99,34.93,76.94,42.58,13.88,0.56,22.52,0.4,45.12148065683272,0.0051321529381575,25.24,88.41
57.07,84.91,50.15,44.27,64.32,28.28,7.53,0.4,10.86,0.36,12.030682571239227,0.0055113288426209,22.52,76.94
63.0,96.32,54.35,46.8,69.08,29.73,14.04,0.43,26.44,0.36,30.063054393305443,0.0051369863013698,10.86,64.32
56.95,102.57,49.69,47.78,65.82,28.58,13.41,0.83,24.43,0.36,24.885746207462077,0.0053876085004489,26.44,69.08
67.15,108.28,50.86,48.75,67.28,29.2,15.48,0.83,32.17,0.46,32.88776281407036,0.0067369654364381,24.43,65.82
71.45,117.12,56.28,52.48,73.67,31.55,15.86,1.47,33.51,0.58,35.264450261780105,0.0077675103790009,32.17,67.28
109.89,165.19,57.83,50.84,74.06,31.97,19.24,2.31,44.4,0.58,49.53032407407407,0.0077271516120436,33.51,73.67
121.56,174.71,67.75,64.0,89.12,36.93,28.39,3.46,35.82,0.58,37.33546153846154,0.0064358632933865,44.4,74.06
102.95,144.25,60.66,51.74,76.84,32.71,21.13,2.29,44.5,0.58,51.18259385665529,0.0074511819116135,35.82,89.12
87.54,103.86,54.84,43.94,67.96,30.45,18.85,0.85,38.02,0.58,46.395567423230986,0.0084106728538283,44.5,76.84
94.12,109.81,48.0,39.51,60.04,26.54,17.77,0.69,37.99,0.58,45.01407059985189,0.0095019659239842,38.02,67.96
94.0,110.0,42.79,37.48,54.72,24.19,17.86,0.91,24.1,0.58,26.799350311850315,0.0104091888011486,37.99,60.04
85.68,100.72,40.9,30.64,49.55,22.41,10.33,1.49,26.49,0.58,34.2427623261694,0.0114737883283877,24.1,54.72
47.37,58.0,44.29,30.37,52.16,24.35,13.05,1.0,26.49,0.58,37.40013069811922,0.0109104589917231,26.49,49.55
58.06,73.58,46.79,33.55,55.89,25.57,7.24,0.84,20.31,0.58,27.50520694645441,0.0101951133766918,26.49,52.16
60.0,67.83,44.31,30.91,52.47,23.93,8.15,0.8,23.87,0.58,33.14571294265121,0.0108472040396484,20.31,55.89
60.4,66.79,37.32,21.99,45.14,17.21,5.36,0.55,41.06,0.58,66.65329273597217,0.012570437798006,23.87,52.47
54.28,66.34,33.36,17.57,42.31,12.57,9.71,0.71,44.67,0.58,80.24723747980613,0.0133918263680443,41.06,45.14
46.31,54.07,33.8,17.84,42.97,12.79,11.42,0.68,43.45,0.58,77.95169851380042,0.0131908119172162,44.67,42.31
51.54,67.92,28.75,15.92,36.41,10.88,11.93,0.78,35.71,0.58,60.67745271867612,0.0155038759689922,43.45,42.97
53.0,56.71,27.54,14.44,34.01,10.26,9.28,0.62,42.46,0.58,75.73500000000001,0.0165666952299343,35.71,36.41
47.61,32.0,31.83,16.62,40.02,12.01,10.33,0.81,47.72,0.58,86.20474460839954,0.0141394441735738,42.46,34.01
44.22,54.18,32.54,19.2,43.03,12.53,10.27,1.2,38.11,0.58,61.3910594059406,0.0131728367022484,47.72,40.02
49.93,78.61,29.2,17.9,38.46,11.27,18.33,1.63,40.95,0.58,63.26666666666667,0.0146984287886467,38.11,43.03
43.31,95.82,30.29,17.4,39.13,11.49,16.15,1.67,39.85,0.58,65.60089673913043,0.0144530276601046,40.95,38.46
36.33,63.06,33.35,17.47,42.22,12.51,14.98,1.03,45.09,0.58,81.41589063345967,0.0134197130957889,39.85,39.13
27.93,58.2,33.58,17.3,42.33,12.51,10.95,1.11,44.7,0.58,82.02327868852458,0.0133856450496192,45.09,42.22
38.62,59.53,32.95,18.51,42.67,12.3,16.61,1.54,42.19,0.58,71.25374167093797,0.0132814288985573,44.7,42.33
64.37,80.86,35.09,22.01,47.73,13.26,16.16,2.16,41.65,0.58,63.515797479356806,0.0119023189000615,42.19,42.67
70.9,99.8,36.29,20.89,47.92,13.58,20.12,2.39,55.89,0.58,92.65637734125173,0.0118560915780866,41.65,47.73
48.13,66.55,35.78,18.96,45.85,13.16,16.14,1.72,45.14,0.58,80.91729458917835,0.0123799359658484,55.89,47.92
79.47,100.64,31.67,19.35,42.08,12.08,25.45,2.34,36.21,0.58,56.35236855036855,0.0134633240482822,45.14,45.85
73.62,87.48,32.41,22.8,45.74,12.61,17.72,2.76,37.14,0.58,50.57594117647058,0.0124090714591356,36.21,42.08
126.77,122.3,36.36,22.39,49.19,13.72,16.5,2.94,41.6,0.58,64.66763574176998,0.0115560868698944,37.14,45.74
139.12,109.68,37.09,22.02,49.62,14.21,24.97,3.02,53.68,0.58,86.48962641181582,0.0114579217700513,41.6,49.19
55.98,62.3,32.71,17.66,41.75,12.03,14.88,2.15,50.23,0.58,88.050551982851,0.0135672514619883,53.68,49.62
94.36,104.17,31.02,17.19,39.7,11.44,10.22,2.26,41.77,0.58,71.2317427157779,0.0142506142506142,50.23,41.75
148.64,149.3,31.37,18.19,40.85,11.72,10.08,2.46,42.12,0.58,68.85379885356956,0.0138590203106332,41.77,39.7
125.38,133.9,34.63,20.82,46.25,12.94,9.14,3.4,41.94,0.58,66.5619706691109,0.0122751322751322,42.12,40.85
128.39,144.19,31.42,18.34,41.02,11.69,12.4,2.7,49.86,0.58,81.00316442605998,0.0138029509757258,41.94,46.25
126.87,148.97,33.57,21.12,45.41,12.57,18.05,3.45,55.32,0.58,83.95535262206148,0.0124973066149536,49.86,41.02
127.54,154.3,32.75,21.95,45.27,12.53,17.38,3.47,46.28,0.58,66.04226579520697,0.0125351199481305,55.32,45.41
186.81,194.07,33.51,22.7,46.64,12.69,15.8,3.69,59.14,0.58,83.61946835443038,0.0121746431570109,46.28,45.27
147.64,160.54,34.04,20.34,45.26,12.58,9.61,2.97,48.16,0.58,76.82129334582942,0.0125378296584522,59.14,46.64
76.86,93.11,36.19,20.38,47.4,13.21,11.85,2.99,53.65,0.58,90.81354069223572,0.0119834710743801,48.16,45.26
213.5,259.1,32.91,18.24,42.41,12.01,6.92,2.76,61.32,0.58,104.88779625779624,0.0133609767334715,53.65,47.4
93.89,102.67,34.25,19.27,44.59,12.63,11.33,3.02,65.37,0.58,110.45498273310312,0.0127220881772318,61.32,42.41
66.28,104.57,38.98,23.61,52.78,14.57,12.94,3.35,60.28,0.58,95.4780333197887,0.0107846783190777,65.37,44.59
60.54,124.75,35.68,20.52,47.01,13.13,14.51,2.98,69.89,0.58,115.87710037174722,0.0120808164965632,60.28,52.78
70.71,141.77,35.29,20.58,46.68,13.07,14.51,2.9,80.04,0.58,130.89025023169603,0.0121644295302013,69.89,47.01
42.23,159.29,36.17,19.97,47.05,13.17,9.88,2.46,83.9,0.58,144.71449690033384,0.0120707596253902,80.04,46.68
39.87,203.05,35.63,19.27,45.94,13.02,8.73,2.43,64.82,0.58,113.93865811544154,0.0123561994034938,83.9,47.05
50.81,225.61,35.44,19.34,45.81,12.96,11.85,2.5,69.81,0.58,121.63551622418878,0.0123905148472548,64.82,45.94
91.0,276.43,32.31,19.79,43.08,12.09,17.65,2.99,71.46,0.58,111.05688311688311,0.0131578947368421,69.81,45.81
92.24,297.43,34.31,21.92,46.79,12.93,21.84,3.22,63.82,0.58,95.5350872600349,0.0121364302155262,71.46,43.08
68.29,207.2,30.14,17.67,39.21,11.21,15.68,2.72,90.57,0.58,146.21209426888052,0.0144242725690126,63.82,46.79
82.54,421.17,32.77,19.41,43.23,12.27,14.65,3.11,91.89,0.58,147.53725134737874,0.0131132715351571,90.57,39.21
82.54,421.17,34.79,20.33,45.97,12.85,13.49,3.31,102.16,0.58,166.62664791373652,0.0123483074302746,91.89,43.23
82.54,421.17,37.58,21.12,49.38,13.81,13.74,2.98,79.28,0.58,134.68998191681737,0.0115125049622866,102.16,45.97
63.92,363.8,26.35,21.11,38.26,10.71,5.89,2.48,48.69,0.58,58.027204884667576,0.0147733061640346,79.28,49.38
60.18,363.8,21.25,27.45,38.36,11.03,4.0,1.5,46.11,0.58,34.44068541300527,0.0147357723577235,48.69,38.26
90.01,363.8,24.05,32.07,44.88,12.56,5.36,1.76,38.6,0.58,28.07166616268521,0.0126416739319965,46.11,38.36
69.8,363.8,26.84,35.54,50.47,13.82,3.65,1.73,42.24,0.58,31.02686371100165,0.0112687002137167,38.6,44.88
65.95,363.8,25.35,31.54,45.73,12.97,5.19,1.35,47.72,0.58,37.17584511370621,0.0124117269420072,42.24,50.47
85.17,363.8,22.05,28.7,40.16,11.47,6.38,1.78,53.68,0.58,39.85333333333333,0.0140913508260447,47.72,45.73
95.73,363.8,24.16,33.51,46.16,12.78,6.74,2.33,42.91,0.58,30.04073022312373,0.0122985581000848,53.68,40.16
54.59,363.8,28.05,38.61,54.17,14.65,8.99,2.79,43.97,0.58,31.13755364806867,0.0105129599419974,42.91,46.16
101.58,363.8,28.76,42.17,57.76,15.43,8.07,3.47,44.5,0.58,29.64605049803104,0.0098706603131381,43.97,54.17
56.95,363.8,29.31,38.49,55.31,15.37,7.28,2.3,42.68,0.58,31.677660167130917,0.0103001243118451,44.5,57.76
63.31,363.8,30.29,39.18,56.84,15.64,6.79,2.5,47.62,0.58,35.898700846192135,0.010027662517289,42.68,55.31
111.91,363.8,31.22,45.44,62.85,16.68,13.59,3.92,41.99,0.58,28.22841946597761,0.0090837901331245,47.62,56.84
83.37,363.8,34.68,46.75,67.35,18.0,6.45,3.54,33.04,0.58,23.99638115183246,0.0084857351865398,41.99,62.85
94.51,363.8,29.82,38.18,55.56,15.43,7.1,2.84,34.49,0.58,26.25042879019908,0.0102545968882602,33.04,67.35
92.34,363.8,31.77,40.17,59.11,16.18,9.31,3.03,37.18,0.58,28.691003157639056,0.0096489768757278,34.49,55.56
76.05,193.07,33.54,42.81,63.0,17.31,5.04,3.4,33.4,0.58,25.570326409495543,0.0090625,37.18,59.11
65.15,143.01,22.17,29.9,41.27,12.18,5.95,2.81,34.5,0.58,24.752912621359226,0.0137213153536787,33.4,63.0
68.61,194.41,25.02,30.23,44.34,13.41,3.55,2.39,30.76,0.58,24.643458213256487,0.0127922364358182,34.5,41.27
45.23,112.26,31.05,36.05,55.05,17.75,2.69,2.16,33.16,0.58,27.78995951417004,0.0103479036574487,30.76,44.34
44.88,89.35,21.88,26.65,38.34,14.08,1.65,2.09,31.85,0.58,25.20354430379747,0.0147432638535841,33.16,55.05
43.01,81.87,20.49,24.7,35.37,12.51,1.31,1.88,26.18,0.58,20.872692607003888,0.0159472092383832,31.85,38.34
76.33,102.71,21.43,26.81,37.81,12.32,4.07,2.45,31.87,0.06,24.558579647608777,0.0015459933006956,26.18,35.37
76.58,122.7,25.3,32.56,46.52,17.03,2.72,2.23,37.59,0.01,28.33811084624553,0.0002104377104377,31.87,37.81
92.73,140.3,24.67,34.0,47.07,17.47,5.06,2.46,37.31,0.01,26.29822,0.0002080299563137,37.59,46.52
102.28,173.23,31.14,42.2,60.14,20.21,5.46,2.8,22.06,0.0,15.901583333333331,0.0,37.31,47.07
96.61,134.33,23.84,33.12,45.53,16.23,2.59,2.36,23.45,0.01,16.384759671746778,0.0002149151085321,22.06,60.14
87.55,136.45,22.84,31.33,43.09,15.88,1.85,2.15,24.87,0.01,17.569774203526137,0.0002268088001814,23.45,45.53
95.94,150.16,20.03,26.48,36.36,13.97,1.12,1.97,23.88,0.01,17.40598253275109,0.0002676659528907,24.87,43.09
103.91,153.08,25.46,34.41,48.18,16.74,4.07,2.37,34.18,0.0,24.57562270545044,0.0,23.88,36.36
131.65,240.63,25.73,33.36,47.59,16.71,2.86,2.77,39.64,0.0,29.68385331781141,0.0,34.18,48.18
122.66,244.75,29.03,36.33,53.27,17.1,3.08,2.75,33.04,0.0,25.69384409322261,0.0,39.64,47.59
131.93,289.14,26.86,33.49,48.82,14.92,2.72,2.58,34.1,0.01,26.556277181791824,0.0002007226013649,33.04,53.27
108.86,241.33,25.71,32.38,46.71,13.19,2.47,2.63,22.69,0.0,17.47633013780707,0.0,34.1,48.82
61.79,110.28,24.24,30.56,43.85,12.66,1.29,2.26,17.6,0.0,13.51787072243346,0.0,22.69,46.71
84.43,127.45,21.94,27.01,38.68,11.4,1.62,2.4,22.9,0.0,17.937379507318813,0.0,17.6,43.85
65.63,99.04,28.12,33.55,50.11,14.25,4.63,2.2,30.84,0.0,25.10045730824892,0.0,22.9,38.68
52.06,77.94,24.25,30.41,43.73,12.83,4.94,2.16,31.2,0.0,24.087870105062084,0.0,30.84,50.11
51.34,72.27,28.46,35.13,51.74,14.7,3.92,2.0,27.32,0.0,21.520265707168555,0.0,31.2,43.73
52.81,75.07,20.0,25.98,35.9,10.9,3.25,2.08,28.86,0.0,21.39362490733877,0.0,27.32,51.74
68.69,145.88,26.85,32.26,47.77,13.89,2.85,2.17,23.84,0.0,19.24546001202646,0.0,28.86,35.9
40.34,63.53,26.04,32.09,46.83,13.18,3.56,1.84,17.93,0.0,14.109918404351768,0.0,23.84,47.77
54.64,72.99,20.35,24.78,35.29,11.02,4.44,2.39,14.7,0.0,11.603762606671838,0.0,17.93,46.83
58.63,72.3,22.01,26.7,38.5,11.87,4.67,2.58,18.48,0.0,14.683927797833938,0.0,14.7,35.29
35.69,41.62,24.21,29.86,43.24,13.68,4.48,2.37,11.41,0.49,8.951267012313675,0.0110759493670886,18.48,38.5
51.9,57.35,21.4,29.22,39.95,15.49,3.11,2.63,9.8,7.79,6.939774983454666,0.1902319902319902,11.41,43.24
47.2,55.63,24.49,32.22,45.45,17.4,3.06,2.5,11.89,3.52,8.765385310054185,0.0757804090419806,9.8,39.95
68.38,89.07,23.66,29.47,42.38,15.74,3.13,2.47,12.11,6.09,9.403432884804726,0.140387275242047,11.89,45.45
48.49,93.72,21.4,26.64,37.84,13.58,3.1,1.96,13.5,3.39,10.452243125904484,0.0872811534500514,12.11,42.38
60.37,173.78,24.94,29.46,43.64,14.8,3.08,2.3,26.65,2.5,21.8204530531845,0.0560035842293906,13.5,37.84
58.78,115.64,29.01,34.64,51.88,16.3,3.06,2.46,30.75,2.16,25.02967171717172,0.0408472012102874,26.65,43.64
57.0,75.71,25.4,34.32,48.05,15.6,3.21,2.63,33.44,1.63,24.048018120045292,0.0332313965341488,30.75,51.88
70.48,91.02,25.61,34.25,48.2,15.28,3.98,2.8,32.94,1.88,23.931727659574467,0.0382113821138211,33.44,48.05
83.19,108.17,23.51,30.4,43.0,12.21,5.02,2.68,37.71,1.39,28.234461783439496,0.031590909090909,32.94,48.2
96.18,127.44,26.44,32.78,47.82,13.78,5.09,2.77,32.97,1.52,25.80600355239787,0.0311347808275297,37.71,43.0
67.81,79.25,22.21,29.17,40.7,11.59,5.05,2.33,31.21,1.47,22.97560822008618,0.035251798561151,32.97,47.82
54.23,62.45,21.39,26.75,37.92,10.88,4.95,2.03,33.75,4.33,26.014864864864865,0.1112538540596094,31.21,40.7
58.64,68.98,22.92,28.14,40.57,12.42,5.04,2.56,30.34,3.89,23.86385724090597,0.0935770988693769,33.75,37.92
37.8,41.33,20.57,25.13,35.79,11.35,5.01,2.1,24.66,9.0,19.412789896670496,0.2446316933949442,30.34,40.57
39.22,44.22,19.79,23.9,34.02,11.06,4.92,2.26,29.56,11.8,23.49367068273092,0.336950314106225,24.66,35.79
46.2,54.57,24.83,29.05,43.2,13.1,4.84,2.14,34.61,4.02,28.597880199667216,0.0909502262443438,29.56,34.02
45.35,56.62,22.53,27.36,39.55,11.92,4.49,2.51,21.14,2.82,16.794224259520455,0.0695437731196054,34.61,43.2
46.85,50.01,22.61,28.35,40.43,12.86,4.37,2.92,14.66,0.0,11.293444633730834,0.0,21.14,39.55
44.6,44.69,18.69,23.51,32.62,11.1,4.15,2.75,14.09,0.0,10.744271725826191,0.0,14.66,40.43
44.6,77.64,23.26,27.73,40.57,12.89,4.08,3.02,16.1,0.0,13.034667594848592,0.0,14.09,32.62
54.72,91.56,24.8,28.73,42.91,13.31,4.23,2.21,18.05,0.0,15.056844937773294,0.0,16.1,40.57
69.08,83.58,26.77,30.68,46.45,14.15,4.58,1.45,16.11,0.0,13.61315340909091,0.0,18.05,42.91
54.15,59.78,30.01,33.23,51.73,16.12,4.9,1.52,10.11,0.01,8.863602103418055,0.0001896453631708,16.11,46.45
62.27,69.15,30.2,33.76,52.35,17.0,4.28,1.64,9.4,0.03,8.1668584579977,0.0005623242736644,10.11,51.73
64.86,67.06,25.29,28.7,43.43,13.69,4.26,1.44,34.0,1.3,28.951515151515157,0.0292595093405356,9.4,52.35
55.84,72.39,22.15,24.7,37.01,11.87,4.69,1.54,29.59,4.87,25.502665369649804,0.1281241778479347,34.0,43.43
46.25,60.24,21.6,25.24,36.93,11.99,4.12,1.32,32.35,3.22,26.629573170731717,0.0848932243606643,29.59,37.01
40.38,31.33,27.07,31.25,47.21,14.58,4.12,1.53,35.52,1.89,29.814772093023254,0.0392034847542003,32.35,36.93
40.43,39.35,20.95,23.68,35.0,12.09,4.12,1.39,27.7,2.6,23.5135737439222,0.0722222222222222,35.52,47.21
50.25,58.68,22.49,24.4,37.11,13.3,4.12,1.67,29.06,1.78,25.73068503937008,0.0467069010758331,27.7,35.0
45.47,52.21,30.39,41.67,58.97,18.8,6.46,1.66,41.85,2.16,29.805987813452077,0.0360180090045022,29.06,37.11
62.65,66.74,25.33,34.45,48.09,14.39,6.29,1.34,30.93,3.09,22.100335684062056,0.0629456101038908,41.85,58.97
70.83,76.61,32.36,43.49,62.4,19.06,6.53,1.84,35.84,0.22,26.068383906495843,0.0034700315457413,30.93,48.09
42.86,49.12,29.75,39.55,56.61,18.39,6.23,1.26,36.33,0.01,26.6539457459926,0.000173580975525,35.84,62.4
37.36,47.46,28.03,37.67,53.38,16.55,6.2,1.11,31.69,0.04,22.97053788466512,0.0007355645457888,36.33,56.61
40.2,51.58,31.53,44.65,62.52,18.3,6.94,1.42,20.84,0.06,14.393980284775466,0.0009445843828715,31.69,53.38
32.67,34.51,30.1,42.56,59.4,17.57,6.04,1.27,30.64,1.0,21.1722681359045,0.0165562913907284,20.84,62.52
58.71,67.36,26.96,36.7,51.54,14.29,6.56,1.58,24.83,2.11,17.756413793103444,0.0401598781880472,30.64,59.4
50.23,56.29,24.8,34.9,47.93,13.93,6.38,1.16,31.33,0.59,21.64300835654596,0.0120580421009605,24.83,51.54
33.37,37.39,25.2,33.08,46.84,15.69,5.82,0.94,39.55,0.03,29.244718309859152,0.0006270903010033,31.33,47.93
38.79,48.62,25.72,34.57,48.58,15.0,6.1,0.84,28.18,0.81,20.37642957548496,0.0163372327551432,39.55,46.84
39.15,47.71,32.39,42.12,61.31,18.25,6.67,1.03,22.69,0.0,17.043810296846015,0.0,28.18,48.58
61.48,71.92,29.36,40.44,56.94,15.78,6.61,1.54,23.45,0.07,16.61418918918919,0.0012081463583016,22.69,61.31
33.74,38.52,26.89,35.18,50.23,15.19,6.34,1.12,28.42,1.66,21.12254836926479,0.0324028889322662,23.45,56.94
45.47,50.65,31.59,41.5,60.02,17.22,6.96,1.27,20.45,0.02,15.200364705882352,0.0003277613897082,28.42,50.23
68.12,78.97,27.06,37.2,52.04,16.04,6.49,1.13,32.48,0.47,23.008083769633505,0.0088612368024132,20.45,60.02
63.7,71.61,22.22,29.48,40.96,17.5,6.8,1.13,28.9,0.9,21.06817585301837,0.0214489990467111,32.48,52.04
39.93,45.12,33.75,45.57,65.47,26.38,4.73,1.33,17.34,0.12,12.566566459093838,0.0018053257108469,28.9,40.96
55.22,61.82,36.33,46.8,69.01,29.37,3.85,1.16,8.19,0.31,6.224742677824268,0.0044279388658763,17.34,65.47
43.95,55.56,30.16,37.78,55.22,22.8,3.86,0.88,9.5,0.53,7.388344507478081,0.0094272500889363,8.19,69.01
36.0,46.93,36.4,46.97,71.81,27.29,5.59,1.09,9.46,0.31,7.178319783197832,0.0042576569152588,9.5,55.22
39.25,61.84,25.32,37.25,55.36,19.84,8.19,1.23,9.97,5.05,6.599749019607843,0.0896025550035486,9.46,71.81
47.03,66.64,23.21,31.07,48.24,17.65,6.89,0.9,11.92,6.15,8.626853757405675,0.1248984565393988,9.97,55.36
43.58,58.63,32.88,42.83,67.37,25.83,7.92,1.01,11.45,0.31,8.589459274469542,0.004534152406026,11.92,48.24
45.81,70.91,37.22,48.81,76.53,27.51,8.36,1.51,30.45,0.36,22.753443083718125,0.0046433638591512,11.45,67.37
47.6,79.18,29.47,40.87,62.4,22.95,7.57,1.26,39.19,0.36,27.583694769524715,0.0056782334384858,30.45,76.53
40.38,62.66,30.11,42.71,64.53,22.9,8.57,1.4,40.74,0.46,28.064090597117364,0.0070196856401648,39.19,62.4
31.06,46.01,29.53,41.45,62.94,23.55,8.91,1.4,36.7,1.75,25.53005889281508,0.0273694088207694,40.74,64.53
26.45,45.8,31.5,43.41,66.48,22.97,8.44,1.47,33.97,0.47,24.094911056068455,0.0069650266745702,36.7,62.94
27.77,35.27,23.47,33.81,50.79,18.28,7.16,0.87,30.12,0.75,20.30785406492387,0.0144815601467464,33.97,66.48
24.19,30.66,27.61,36.17,56.75,21.05,7.16,0.88,38.75,1.75,28.783629270917405,0.0303030303030303,30.12,50.79
13.58,31.73,39.42,60.15,72.08,47.83,7.72,1.24,31.51,0.31,20.31274243663124,0.0042419266557197,38.75,56.75
20.82,45.87,41.07,67.86,68.95,58.75,8.04,1.32,25.55,0.58,15.238723496950335,0.0082916368834882,31.51,72.08
15.65,29.42,33.37,54.59,55.74,50.51,5.02,0.85,29.5,0.31,17.708490735743837,0.0054635178004934,25.55,68.95
16.8,38.39,36.55,60.29,61.31,56.6,4.42,1.07,31.39,0.55,18.71927720672214,0.0088268335740651,29.5,55.74
31.36,54.65,41.0,69.21,69.62,61.3,6.12,1.7,42.97,0.63,25.09286426434981,0.0089209855564995,31.39,61.31
31.07,64.24,38.97,64.83,65.66,61.03,6.04,1.46,34.86,1.13,20.636399817712288,0.0169516951695169,42.97,69.62
16.6,31.52,39.53,63.24,65.26,61.45,5.01,0.77,26.81,0.46,16.49749844333748,0.0069423483247811,34.86,65.66
12.36,29.03,41.4,67.34,68.94,57.4,5.8,1.15,26.02,4.11,15.762774363476732,0.0587646554189305,26.81,65.26
16.12,38.05,29.49,55.18,53.07,49.72,5.23,1.1,31.12,12.6,16.335507297970807,0.233031255779545,26.02,68.94
24.81,50.95,22.61,51.13,45.58,35.9,4.62,1.1,24.26,3.28,10.52212929215423,0.0704164877629884,31.12,53.07
33.9,59.2,19.16,44.46,39.22,24.48,4.49,0.96,16.31,22.48,6.874166300043994,0.5589259075087022,24.26,45.58
37.75,57.6,18.09,33.94,32.76,23.85,4.65,1.36,4.58,0.3,2.371270749856897,0.0088862559241706,16.31,39.22
32.2,49.11,16.65,30.3,29.66,22.17,2.9,1.03,6.23,0.3,3.314041533546326,0.009784735812133,4.58,32.76
21.48,31.82,17.8,31.35,31.15,24.47,3.69,0.97,8.92,0.3,4.90806800618238,0.0093312597200622,6.23,29.66
35.71,57.49,17.35,31.47,30.85,23.13,3.88,1.21,5.07,0.3,2.7091007083461665,0.0094191522762951,8.92,31.15
17.76,41.28,17.94,31.22,31.19,23.34,3.34,0.8,8.41,0.3,4.6826629422718815,0.0093196644920782,5.07,30.85
32.99,78.22,16.04,28.46,28.17,21.85,3.92,0.93,6.54,0.3,3.56081466395112,0.0102845389098388,8.41,31.19
35.43,85.04,16.6,28.72,28.77,21.13,3.11,1.03,7.32,0.3,4.088559892328399,0.0100772589855559,6.54,28.17
37.62,99.48,23.37,38.58,39.53,27.17,4.11,1.32,9.76,0.3,5.76278928751895,0.00740192450037,7.32,28.77
43.36,94.73,18.84,32.06,32.37,22.98,4.9,1.35,10.11,0.3,5.76141560798548,0.0089901108780341,9.76,39.53
42.96,116.46,19.29,32.69,33.07,23.7,4.27,1.15,8.96,0.3,5.130258236865539,0.0088054006457293,10.11,32.37
68.28,88.91,25.98,41.68,43.29,29.25,5.09,1.66,7.32,0.3,4.455801312089973,0.0067735380447053,8.96,33.07
66.85,86.38,20.04,33.09,33.89,23.46,4.28,1.3,12.59,0.3,7.401102962745672,0.0085984522785898,7.32,43.29
70.94,86.38,20.18,32.55,33.73,22.57,4.7,1.18,7.97,0.3,4.793877794336811,0.0086380650734235,12.59,33.89
48.92,65.47,17.89,29.78,30.4,22.91,2.65,0.75,8.14,0.3,4.731143599740092,0.0095541401273885,7.97,33.73
41.06,86.51,18.01,31.15,31.21,22.84,3.19,0.78,7.7,0.3,4.31343701399689,0.0093138776777398,8.14,30.4
64.0,122.14,17.74,32.03,31.46,23.32,3.89,1.18,9.71,0.16,5.215119588253104,0.0049291435613062,7.7,31.21
77.62,149.39,16.79,29.94,29.58,21.05,4.64,1.2,9.6,0.0,5.209566903684551,0.0,9.71,31.46
63.61,112.47,17.98,31.57,31.41,22.36,3.36,0.95,13.87,0.0,7.656819158735032,0.0,9.6,29.58
49.6,96.02,19.45,33.49,33.63,23.97,4.62,1.38,3.59,0.0,2.0245143519860824,0.0,13.87,31.41
35.49,83.66,22.05,37.08,37.64,27.35,4.42,1.18,3.4,0.0,1.96875,0.0,3.59,33.63
52.83,99.06,20.89,35.54,35.88,25.55,6.7,1.12,5.69,0.0,3.252985769020252,0.0,3.4,37.64
62.63,130.56,20.46,33.91,34.67,24.12,7.54,1.59,12.06,0.0,7.068106559725009,0.0,5.69,35.88
65.88,153.5,25.73,40.77,42.6,27.84,8.96,1.6,4.99,0.0,3.073801771606416,0.0,12.06,34.67
42.14,116.63,17.17,29.05,29.41,21.75,8.91,1.14,12.47,0.0,7.12512146422629,0.0,4.99,42.6
64.26,179.78,18.77,31.58,32.1,21.8,9.8,1.32,12.85,0.0,7.403146101903007,0.0,12.47,29.41
70.12,188.65,16.54,28.8,28.76,22.06,7.8,1.16,18.59,0.0,10.318073825503356,0.0,12.85,32.1
57.6,175.61,15.1,27.76,27.04,20.27,12.77,1.16,15.2,0.0,7.980528511821974,0.0,18.59,28.76
60.17,191.83,17.59,30.53,30.56,21.33,11.81,1.65,13.93,0.0,7.771287662543608,0.0,15.2,27.04
81.12,199.23,21.68,33.98,35.67,24.85,13.04,1.7,17.43,0.0,10.802813036020584,0.0,13.93,30.56
82.46,197.32,22.81,37.14,38.31,27.81,17.8,1.82,15.66,0.0,9.365616151022548,0.0,17.43,35.67
81.89,216.19,20.0,33.08,33.86,24.13,22.68,1.68,19.55,0.0,11.473004694835682,0.0,15.66,38.31
75.33,206.72,21.83,36.92,37.38,27.23,20.03,1.75,16.93,0.0,9.746358122362867,0.0,19.55,33.86
75.93,217.69,26.38,43.97,44.84,30.01,26.13,2.39,15.95,0.0,9.356482099177228,0.0,16.93,37.38
89.71,232.01,22.56,37.25,38.15,27.14,25.42,2.05,17.76,0.0,10.474917647058824,0.0,15.95,44.84
84.02,187.09,19.98,34.81,34.7,25.86,27.55,2.01,10.56,0.0,5.8918961184026815,0.0,17.76,38.15
91.02,107.45,20.54,36.97,36.37,27.77,24.83,2.01,20.02,0.0,10.8298867526995,0.0,10.56,34.7
115.62,190.34,18.79,33.5,33.1,29.47,31.56,1.9,32.81,0.0,17.86956231884058,0.0,20.02,36.37
116.25,185.96,19.12,32.19,32.66,30.09,30.7,1.98,31.09,0.0,17.91023802350106,0.0,32.81,33.1
154.8,239.44,27.97,46.22,47.32,38.27,35.97,3.23,45.7,0.0,27.069652689538334,0.0,31.09,32.66
161.31,249.67,35.25,54.72,57.76,43.18,27.16,4.03,10.19,0.0,6.44647343862168,0.0,45.7,47.32
174.8,255.39,26.51,41.47,43.61,34.76,17.9,3.37,11.73,0.0,7.32192842006122,0.0,10.19,57.76
182.62,248.11,21.88,36.46,37.21,29.07,30.04,2.53,16.94,0.0,9.894479444741055,0.0,11.73,43.61
139.26,194.83,21.04,34.66,35.54,27.63,27.57,2.82,26.43,0.0,15.594144699943914,0.0,16.94,37.21
147.85,210.63,28.02,45.05,46.74,36.54,23.46,3.62,20.02,0.0,12.181550488599347,0.0,26.43,35.54
110.67,160.57,21.1,34.82,35.67,31.95,17.84,2.37,22.47,0.0,13.236097152428812,0.0,20.02,46.74
129.84,188.06,18.65,32.1,32.24,28.02,22.67,2.31,25.46,0.0,14.345287009063444,0.0,22.47,35.67
112.7,181.15,25.69,41.98,43.21,34.53,25.07,3.22,23.48,0.0,14.034462540716616,0.0,25.46,32.24
123.4,168.11,34.98,55.29,57.85,42.18,18.53,3.89,18.1,0.0,11.247788239474152,0.0,23.48,43.21
172.23,238.3,31.65,51.04,52.88,38.99,33.5,4.56,15.61,0.0,9.493783627978477,0.0,18.1,57.85
201.34,254.97,33.32,54.68,56.17,43.05,27.7,4.43,20.1,0.0,12.02823275862069,0.0,15.61,52.88
172.91,222.41,33.05,51.52,54.27,39.34,24.01,4.4,25.31,0.0,15.927180121858337,0.0,20.1,56.17
149.61,191.99,31.98,49.28,52.21,38.08,21.11,4.56,22.11,0.0,14.06280429594272,0.0,25.31,54.27
157.62,224.81,29.94,49.41,50.62,40.53,30.24,4.12,19.28,0.0,11.450966078159098,0.0,22.11,52.21
139.26,215.11,25.04,43.28,43.38,35.51,17.3,3.36,18.02,0.0,10.190171635049683,0.0,19.28,50.62
197.45,293.96,33.82,55.55,57.04,42.23,24.11,3.65,20.12,0.0,12.032862953138816,0.0,18.02,43.38
234.76,340.48,43.64,74.26,74.97,53.93,26.86,4.95,19.12,0.0,11.086856231730003,0.0,20.12,57.04
219.19,302.16,26.68,46.07,46.2,38.12,23.32,3.83,21.67,0.0,12.282889313787976,0.0,19.12,74.97
252.1,376.76,14.0,25.82,25.12,25.48,23.76,3.02,22.17,0.0,11.572706935123042,0.0,21.67,46.2
210.1,362.38,19.96,34.35,34.5,30.58,27.95,3.23,23.57,0.0,13.308548797736917,0.0,22.17,25.12
169.62,257.58,27.89,47.61,48.0,37.46,22.26,3.53,20.23,14.34,11.606967702118906,0.2926530612244898,23.57,34.5
176.82,237.06,44.54,71.15,74.06,51.47,19.74,4.56,16.28,9.03,10.050051282051282,0.1203037569944044,20.23,48.0
276.91,392.01,35.22,58.8,59.9,44.86,23.87,4.24,14.32,7.1,8.433953177257525,0.1165845648604269,16.28,74.06
367.45,441.81,32.13,54.97,55.36,41.86,24.15,4.14,21.46,7.43,12.319274611398964,0.1318310858765081,14.32,59.9
429.88,507.47,64.92,74.95,92.07,50.58,21.13,4.56,15.43,10.03,13.189145490454246,0.107768346405931,21.46,55.36
346.48,464.72,95.63,83.02,121.91,54.92,24.83,4.48,17.55,7.23,19.975083313496786,0.0588235294117647,15.43,92.07
389.61,485.32,121.45,92.15,147.76,60.82,32.29,5.15,14.77,9.36,19.25728931830381,0.0629201398225329,17.55,121.91
514.25,605.16,98.71,83.09,124.45,56.34,22.93,5.89,12.78,10.67,15.00194791295041,0.0850538062973296,14.77,147.76
578.43,631.85,91.58,75.29,114.5,55.04,21.52,6.03,11.41,9.55,13.69678594835496,0.0826839826839826,12.78,124.45
578.43,631.85,91.58,75.29,114.5,55.04,21.52,6.03,11.41,9.55,13.69678594835496,0.0826839826839826,11.41,114.5
430.43,480.28,52.99,42.85,65.88,38.9,29.98,4.74,12.05,5.43,14.561676168757128,0.0811901913875598,11.41,114.5
482.68,541.3,67.26,44.13,78.16,41.28,19.38,5.14,13.61,9.43,20.283815643695988,0.1191258211217786,12.05,65.88
578.67,594.99,56.87,44.88,70.1,41.98,22.63,5.03,10.04,8.64,12.44496076721883,0.1215189873417721,13.61,78.16
659.29,691.84,32.95,34.25,45.0,32.31,24.14,3.42,7.43,5.04,6.945205673758865,0.1095652173913043,10.04,70.1
132.65,169.11,26.33,29.83,37.28,29.5,12.43,2.13,7.74,2.01,6.610256243918261,0.0525078369905956,7.43,45.0
79.95,128.36,31.17,32.12,42.43,31.41,12.47,2.11,9.77,5.83,9.19477355072464,0.1342390052958784,7.74,37.28
119.75,175.23,23.38,27.03,33.38,24.09,11.12,2.37,16.66,6.03,13.896211202283268,0.175392670157068,9.77,42.43
140.26,201.27,38.52,32.76,48.74,29.1,17.98,2.77,15.81,3.36,18.03913507109005,0.0675512665862484,16.66,33.38
155.46,220.04,30.37,31.28,41.32,26.1,17.61,2.29,19.9,6.11,18.722521685254023,0.1443761814744801,15.81,48.74
120.75,189.98,23.61,25.54,32.78,22.52,16.67,2.22,21.93,4.47,19.508941220798796,0.1323268206039076,19.9,41.32
152.58,276.51,33.03,29.18,42.38,26.42,16.96,2.67,15.89,6.51,17.39054671968191,0.1500691562932226,21.93,32.78
209.14,286.7,54.73,37.61,64.5,34.48,18.99,4.57,9.25,7.67,13.111952861952862,0.1170992366412213,15.89,42.38
273.37,425.69,77.21,46.68,87.61,43.14,23.9,6.52,10.79,11.81,17.47264890939597,0.1332806680961517,9.25,64.5
314.73,468.52,55.65,38.89,65.94,36.99,24.11,4.44,6.42,6.32,8.956455251942842,0.094412907080968,10.79,87.61
129.92,468.52,27.69,29.27,38.09,26.44,15.67,2.31,9.75,5.21,8.918979187314173,0.1332821693527756,6.42,65.94
89.6,468.52,26.21,27.73,36.06,24.88,14.1,2.14,13.29,5.18,12.124291681169508,0.139773340528872,9.75,38.09
132.75,468.52,26.42,24.54,34.53,22.73,13.33,2.68,21.38,2.64,22.116664056382145,0.0743034055727554,13.29,36.06
141.97,468.52,29.2,26.47,37.82,19.61,18.17,3.91,40.31,3.58,42.84863487440845,0.0922205048943843,21.38,34.53
194.43,336.0,57.19,38.34,66.9,36.42,15.56,4.77,26.08,8.2,37.913451957295365,0.1207658321060382,40.31,37.82
201.05,282.77,57.54,41.58,68.9,38.33,20.68,5.26,22.26,11.31,30.08079849694693,0.1618025751072961,26.08,66.9
186.03,269.05,48.97,36.98,59.48,35.75,19.82,4.39,24.59,10.11,31.7054318062138,0.1671626984126984,22.26,68.9
152.18,206.62,45.22,37.47,56.47,36.7,17.85,4.04,23.12,6.62,27.17666753314271,0.1151905341917522,24.59,59.48
227.25,327.82,86.49,42.4,92.86,48.32,23.39,6.74,14.42,13.58,28.737,0.144683571276369,23.12,56.47
235.59,321.37,61.89,21.06,61.51,39.64,15.44,4.42,8.8,19.55,24.68866727107888,0.312749960006399,14.42,92.86
221.15,293.96,54.11,20.06,54.66,38.83,17.21,3.8,10.78,14.63,27.6973314339981,0.2628458498023716,8.8,61.51
228.67,315.91,46.31,21.48,49.07,36.57,8.34,3.78,14.34,9.55,29.541165480427047,0.1907329738366287,10.78,54.66
192.12,280.34,72.33,19.16,69.0,43.9,15.0,4.75,16.26,16.69,58.33758928571429,0.2384285714285714,14.34,49.07
177.09,251.53,74.83,20.73,71.87,43.96,19.24,4.78,14.53,18.36,50.03589047399908,0.2519555372581309,16.26,69.0
124.42,190.08,54.26,18.1,53.74,36.73,19.03,3.2,13.14,11.6,37.32860732984293,0.2119108512970405,14.53,71.87
164.0,261.97,65.42,18.3,62.92,42.76,21.3,3.69,11.26,17.14,38.16731606217616,0.2681476846057572,13.14,53.74
243.35,317.64,39.99,17.27,41.7,36.28,8.89,3.13,13.12,13.4,28.717504105090317,0.3138173302107728,11.26,62.92
119.31,175.15,27.96,17.68,32.14,28.92,8.48,1.87,17.64,10.34,26.40334047109208,0.312009656004828,13.12,41.7
87.43,130.44,27.88,16.59,31.49,23.98,11.51,1.77,19.19,8.5,30.415986355884023,0.2616189596799015,17.64,32.14
115.39,166.51,25.77,15.07,28.97,22.43,25.9,1.92,16.97,6.83,27.21324828873677,0.2278945612278945,19.19,31.49
111.88,159.25,23.95,15.02,27.44,22.13,9.62,2.03,18.8,6.61,28.106117353308363,0.2324191279887482,16.97,28.97
120.64,168.47,21.48,14.53,25.18,20.75,5.58,2.09,22.17,10.26,30.6639793947199,0.3919022154316272,18.8,27.44
123.38,173.4,22.43,13.64,25.5,20.59,11.04,2.45,28.62,9.5,43.84881147540983,0.3584905660377358,22.17,25.18
140.08,200.96,26.09,14.15,28.74,21.01,13.14,2.66,27.38,8.58,47.15143234323432,0.2885003362474782,28.62,25.5
174.51,241.26,39.67,13.32,39.34,26.27,15.26,3.23,27.17,15.85,75.26773044692737,0.3929102627664848,27.38,28.74
195.78,257.25,50.2,14.17,48.35,31.03,27.05,4.24,27.63,12.89,91.43216875412,0.2611955420466059,27.17,39.34
367.27,481.55,80.69,14.79,72.82,43.44,22.86,6.31,26.47,18.19,135.26689677010765,0.2464101869412084,27.63,48.35
315.85,403.86,113.16,14.08,97.66,52.84,26.11,7.07,20.96,26.49,157.28339522546418,0.2684978714778026,26.47,72.82
297.22,383.0,79.22,14.32,71.58,43.53,23.1,5.81,17.63,16.44,91.16505221932114,0.2265086800771562,20.96,97.66
184.82,247.39,44.16,14.2,43.45,30.65,11.97,3.69,20.57,9.93,59.76126315789473,0.2233970753655793,17.63,71.58
201.73,266.16,50.71,13.98,48.66,31.8,10.48,4.19,20.61,8.81,69.768564753004,0.1774063632702376,20.57,43.45
233.82,317.96,65.35,13.85,60.49,37.16,23.88,4.44,14.16,8.47,62.31353535353535,0.1377459749552773,20.61,48.66
62.52,163.0,23.33,15.64,27.29,20.99,21.63,2.48,21.4,3.42,30.003725961538457,0.1208907741251325,14.16,60.49
86.41,178.97,22.51,17.11,27.4,21.88,11.19,2.63,20.38,4.33,25.331518498067368,0.1524647887323943,21.4,27.29
130.75,180.98,23.32,15.97,27.45,22.65,6.26,2.98,16.77,4.32,23.045162050677668,0.1518453427065026,20.38,27.4
187.07,244.57,29.6,14.51,31.79,24.76,8.53,3.81,14.69,6.11,28.035074145712446,0.1863372979566941,16.77,27.45
363.12,459.14,75.31,13.24,67.79,39.14,21.39,6.75,8.54,12.66,45.164845505617976,0.1840383776711731,14.69,31.79
260.94,325.94,41.36,12.76,40.42,30.58,20.41,4.45,6.77,7.56,20.34936046511628,0.1825205214872042,8.54,67.79
117.07,144.22,34.11,11.25,33.72,28.0,12.43,3.13,6.04,3.26,16.818318367346937,0.0938940092165898,6.77,40.42
80.38,109.95,35.45,14.4,36.48,31.62,11.05,3.0,6.78,4.18,15.607207792207792,0.1115261472785485,6.04,33.72
60.66,83.23,38.51,13.28,38.37,35.92,11.22,2.75,6.33,4.32,17.07060924369748,0.1097282194564389,6.78,36.48
102.86,143.35,44.25,13.21,43.0,43.01,12.04,2.48,6.22,4.55,19.369106263194933,0.1034090909090909,6.33,38.37
78.06,127.15,29.55,15.15,32.07,34.02,7.1,1.65,7.7,3.31,14.088854489164088,0.1000907166616268,6.22,43.0
104.67,185.61,33.66,13.45,34.52,29.59,9.71,1.59,7.37,4.34,17.16776470588235,0.1221846846846846,7.7,32.07
123.24,172.59,28.01,13.37,29.87,24.99,15.52,0.97,8.09,4.33,15.76902574808629,0.1402656300615484,7.37,34.52
90.52,135.94,23.61,13.61,26.44,21.27,4.97,0.57,14.09,2.32,22.769671457905545,0.0845481049562682,8.09,29.87
100.01,144.54,23.09,14.73,26.61,21.73,3.89,0.98,12.71,3.05,18.6569548633185,0.1104672220210068,14.09,26.44
149.8,212.45,32.78,15.25,34.76,27.58,7.19,1.0,12.43,6.1,25.074178461538462,0.1705816554809843,12.71,26.61
191.36,286.62,45.27,14.15,44.32,30.11,10.17,1.47,16.26,8.19,48.586811881188126,0.1807149161518093,12.43,34.76
326.26,431.97,73.37,15.06,67.67,41.55,20.52,3.36,6.77,12.7,30.92869863013698,0.1849424785204601,16.26,44.32
357.7,467.5,73.0,15.21,67.44,40.81,20.45,3.81,7.09,11.46,31.9290561381863,0.1674459380479252,6.77,67.67
280.92,379.79,37.66,16.11,39.18,30.9,10.64,1.25,10.11,13.2,22.252635885447106,0.3285216525634644,7.09,67.44
239.34,285.68,25.96,14.44,28.78,25.62,8.87,0.34,7.25,7.7,12.18976683937824,0.2585627938213566,10.11,39.18
247.92,330.95,42.45,13.35,41.62,31.71,16.75,5.15,6.88,6.13,20.352334494773523,0.1438291881745659,7.25,28.78
304.86,385.86,47.04,12.91,45.11,32.96,12.69,3.05,8.55,12.86,28.91387491013659,0.2788982867057037,6.88,41.62
173.32,221.57,21.75,13.64,24.93,20.73,6.94,1.28,11.89,6.05,17.664446721311474,0.2333204782105669,8.55,45.11
239.18,285.13,28.56,13.56,30.43,23.44,10.39,1.72,19.13,4.49,37.52423076923077,0.1428571428571428,11.89,24.93
528.88,590.59,62.37,9.83,55.94,46.42,15.31,3.36,6.23,9.24,35.87858725761773,0.1622760800842992,19.13,30.43
434.26,460.87,25.0,10.8,26.07,19.98,12.22,1.48,8.08,5.79,17.11864406779661,0.2138899150350942,6.23,55.94
615.48,665.79,28.47,10.06,28.5,21.48,9.63,1.15,6.26,4.78,16.11412296564195,0.1620338983050847,8.08,26.07
366.27,416.57,28.55,12.83,30.03,20.81,8.35,1.43,12.41,5.63,25.61861894432393,0.1814373187238156,6.26,28.5
182.26,263.0,31.7,12.51,32.43,25.14,11.75,1.82,19.55,8.02,45.872316802368616,0.2399042775949745,12.41,30.03
194.12,286.78,30.65,15.83,33.34,24.67,13.23,2.04,17.51,7.92,31.88838383838384,0.2306348281887012,19.55,32.43
296.91,404.86,61.38,20.32,60.72,38.18,21.39,3.81,11.79,10.17,33.943255159474674,0.1647764095917044,17.51,33.34
235.04,336.4,49.49,17.23,49.41,34.0,16.15,2.53,14.26,9.43,38.71241908941305,0.1870660583217615,11.79,60.72
152.08,224.16,27.73,15.76,30.94,25.12,17.79,1.58,21.35,5.56,35.324313842482105,0.1740763932373199,14.26,49.41
164.93,242.88,56.47,15.63,54.22,33.68,16.4,2.68,17.54,5.86,59.56006013229103,0.1061209706628033,21.35,30.94
254.8,373.13,65.91,21.12,64.82,53.36,20.69,3.71,14.16,11.2,42.19193490054249,0.1701610452749924,17.54,54.22
194.88,303.0,54.96,20.65,55.68,43.61,29.84,3.16,18.14,8.49,46.04962586605082,0.149788285109386,14.16,64.82
195.39,271.94,42.21,19.83,44.86,36.06,20.77,1.96,7.35,4.42,14.89407105136822,0.0963802878325338,18.14,55.68
151.2,201.45,36.18,17.13,38.53,33.04,14.31,1.55,8.38,3.91,16.723022614451185,0.098912218568176,7.35,44.86
78.82,130.68,37.27,22.26,42.14,27.91,13.73,1.33,9.92,5.28,15.895030094582976,0.1223922114047287,8.38,38.53
103.91,154.27,26.53,31.47,38.31,21.27,18.34,1.07,15.91,5.52,12.999454881429012,0.1404222844060035,9.92,42.14
140.3,201.54,31.75,32.31,42.9,23.46,17.85,1.58,19.44,5.29,18.529570699489643,0.120501138952164,15.91,38.31
216.31,370.27,55.32,52.1,68.59,39.57,10.01,2.86,17.52,11.01,18.252474576271187,0.1582123868371892,19.44,42.9
200.81,294.66,65.03,50.13,81.23,132.71,34.19,3.52,16.84,11.81,21.418055935849797,0.1436215493129028,17.52,68.59
196.96,314.24,78.1,57.66,94.11,84.21,36.07,3.39,13.04,11.93,17.361472894647118,0.1254337083377142,16.84,81.23
190.44,291.89,58.99,48.08,73.53,44.21,30.63,2.5,14.18,10.75,17.043158109209454,0.144237219911445,13.04,94.11
273.4,379.73,67.87,52.09,82.89,128.17,27.58,2.92,12.31,12.3,15.737044641175364,0.1466205745619263,14.18,73.53
170.85,222.52,58.14,53.88,75.92,210.49,21.29,3.19,10.53,10.28,11.155506559766764,0.1336453458138325,12.31,82.89
170.85,222.52,89.12,65.0,107.03,235.41,27.26,4.22,12.68,14.31,17.121842424242423,0.1324632046653707,10.53,75.92
164.67,252.17,72.75,60.39,91.27,267.82,25.07,3.6,9.49,12.0,11.246090568496498,0.1300531050178823,12.68,107.03
228.51,333.78,57.82,57.96,77.84,234.52,40.92,2.41,12.82,9.24,12.572123473541383,0.1171993911719939,9.49,91.27
251.87,347.76,75.03,61.03,92.93,203.26,34.41,3.06,15.7,12.16,18.990343382234403,0.1294581071010326,12.82,77.84
305.0,382.03,67.81,55.22,84.51,145.26,29.45,2.34,15.83,10.43,19.09342404838136,0.121974038124196,15.7,92.93
243.56,315.69,48.66,46.26,64.15,118.09,22.13,1.71,17.62,9.97,18.14196360558612,0.1530314658480429,15.83,84.51
143.07,212.58,45.35,45.23,60.94,151.39,23.36,1.68,16.45,10.47,16.136869997836904,0.1690345495640943,17.62,64.15
183.69,263.23,50.6,45.73,65.46,137.23,28.06,1.57,21.77,8.76,23.57290819601969,0.1318086066807102,16.45,60.94
139.09,225.07,44.98,47.37,61.77,237.27,25.73,1.35,18.61,6.43,17.30572255530287,0.1024374701290425,21.77,65.46
108.41,198.22,65.22,55.74,82.67,242.03,32.07,2.16,18.75,6.73,21.552255904124078,0.0804350424285885,18.61,61.77
132.63,253.59,90.2,64.81,107.8,233.78,40.05,3.13,18.39,17.16,25.20556146482297,0.1577205882352941,18.75,82.67
135.21,242.05,65.35,53.18,81.42,167.4,33.48,1.95,20.27,15.07,24.44895717977113,0.1828439699102159,18.39,107.8
108.91,204.93,45.32,44.34,60.43,177.37,38.47,1.66,18.09,6.47,18.082020291133656,0.1053231320201855,20.27,81.42
76.6,199.35,57.23,47.53,71.82,98.32,26.55,1.79,16.85,6.59,19.87070883989285,0.0904971161768744,18.09,60.43
71.98,176.02,43.22,41.58,57.25,128.25,35.77,0.87,22.85,3.72,23.193447627994363,0.063862660944206,16.85,71.82
70.91,165.27,37.44,44.81,54.28,228.08,32.08,0.79,25.26,3.97,20.64471512770137,0.0718162083936324,22.85,57.25
61.41,147.66,30.38,40.71,46.35,245.24,35.93,0.47,34.77,4.47,25.32516422920163,0.094403379091869,25.26,54.28
89.47,175.01,41.5,50.62,60.67,310.17,44.94,1.89,31.5,7.43,25.32448663308795,0.1204799740554564,34.77,46.35
175.8,307.06,87.4,78.3,112.7,310.17,57.19,4.09,21.15,14.85,23.310340479192934,0.1306068601583113,31.5,60.67
110.54,203.71,42.11,43.43,57.33,104.84,29.64,1.24,22.06,7.81,20.90809363042989,0.133893365335162,21.15,112.7
129.17,213.83,30.76,22.91,37.2,48.62,42.02,1.85,24.84,8.11,31.95643663739021,0.2123036649214659,22.06,57.33
219.87,379.6,47.6,28.55,53.89,76.66,55.16,2.44,10.76,10.73,17.332521150592218,0.1954818728365822,24.84,37.2
127.72,237.72,28.23,30.06,38.94,36.95,33.77,1.47,12.56,5.75,11.415608499678044,0.143965948923385,10.76,53.89
161.12,275.72,31.41,28.33,40.6,14.09,46.25,1.49,7.12,6.41,7.62493010569383,0.1540865384615384,12.56,38.94
84.09,147.81,29.56,25.5,37.6,5.23,47.42,1.06,13.29,5.35,14.824618867924526,0.13860103626943,7.12,40.6
135.43,240.14,37.94,27.4,45.42,33.14,59.08,2.32,7.3,8.27,9.75218309859155,0.1781559672554933,13.29,37.6
88.04,172.8,33.28,25.86,40.81,24.0,33.49,1.09,5.79,6.5,7.173909158600149,0.1554651997129873,7.3,45.42
129.47,220.96,30.75,22.95,37.2,7.71,56.56,1.19,13.3,10.57,17.076200417536537,0.2767015706806283,5.79,40.81
108.32,174.35,26.72,24.59,34.8,5.77,45.55,0.67,21.07,19.78,22.00040640875342,0.552513966480447,13.3,37.2
143.95,248.1,26.28,23.11,33.66,30.08,42.36,0.66,16.57,5.65,18.061368726669432,0.1630121177149452,21.07,34.8
150.39,302.63,19.89,20.38,27.01,29.36,40.42,0.77,11.87,6.75,11.04276426566885,0.2409853623705819,16.57,33.66
137.94,318.85,27.0,24.07,34.75,31.89,31.48,1.92,13.04,7.39,14.043877143996808,0.2067132867132867,11.87,27.01
139.21,322.45,43.79,27.99,50.49,32.84,27.38,2.78,14.9,10.61,22.506760952052435,0.2060594290153427,13.04,34.75
112.78,246.94,30.72,24.42,37.97,29.08,31.52,1.45,23.45,7.76,28.339260424862307,0.1991275340005132,14.9,50.49
125.24,229.24,23.49,21.89,30.74,27.01,31.37,1.74,31.03,7.54,31.84336828309305,0.2375551354757404,23.45,37.97
107.84,214.84,35.97,26.25,43.2,42.15,28.81,2.11,26.35,7.45,34.782000000000004,0.168552036199095,31.03,30.74
85.31,205.86,25.14,22.46,32.39,32.68,30.16,1.73,17.36,4.77,18.60317135549872,0.1428571428571428,26.35,43.2
79.07,232.85,28.03,22.88,34.9,29.56,27.1,1.57,11.8,5.06,13.85067001675042,0.1409470752089136,17.36,32.39
76.86,176.04,20.76,20.37,27.7,24.76,27.5,1.05,29.44,2.18,28.599644361254096,0.0759581881533101,11.8,34.9
47.85,109.76,17.25,17.71,23.44,24.85,16.67,0.78,28.79,4.07,26.543425975414216,0.1665302782324059,29.44,27.7
76.47,138.76,19.92,19.28,26.45,24.91,27.63,1.07,33.63,5.63,33.03301775147929,0.2051001821493625,28.79,23.44
107.49,192.02,26.34,23.54,33.94,25.43,27.96,2.21,28.5,6.04,30.59046454767726,0.1728677733257012,33.63,26.45
146.8,238.24,30.82,22.58,37.07,25.21,31.21,3.01,29.71,7.13,38.83215436810857,0.1872865773574993,28.5,33.94
166.72,244.22,21.09,18.49,26.98,25.45,35.91,2.09,25.82,6.59,27.939651103129812,0.2355253752680486,29.71,37.07
132.82,325.03,25.89,18.73,31.01,24.33,17.62,1.95,31.3,6.08,41.07232640648758,0.1899406435488909,25.82,26.98
56.96,167.27,15.24,15.35,20.55,20.9,20.77,0.88,47.7,3.03,44.46165137614679,0.1406032482598607,31.3,31.01
48.79,150.06,13.97,15.25,19.47,20.38,26.21,1.01,41.46,3.99,35.642843076923086,0.1949193942354665,47.7,20.55
68.86,145.4,17.44,18.06,23.78,21.44,35.83,1.43,32.97,7.83,30.16772298006296,0.3159806295399515,41.46,19.47
71.97,145.65,24.34,21.66,31.32,48.03,31.79,2.11,34.99,6.21,37.58413945278023,0.1921410891089109,32.97,23.78
75.15,149.98,20.56,20.26,27.49,51.2,33.3,2.47,31.68,5.41,30.63691439322671,0.1898911898911899,34.99,31.32
109.36,217.02,30.01,25.93,38.19,39.78,45.59,3.63,25.08,8.29,27.948414407723728,0.2115335544781832,31.68,27.49
148.65,291.0,28.15,23.19,35.22,30.64,57.63,3.32,39.0,7.88,45.38445638693675,0.2175593594699061,25.08,38.19
88.68,207.94,17.99,18.59,24.51,30.69,26.79,2.17,38.84,5.23,35.667769270035734,0.2050176401411211,39.0,35.22
56.94,120.61,19.51,19.42,26.2,70.0,28.79,2.37,37.45,5.77,35.78107247796278,0.2121323529411764,38.84,24.51
65.91,138.27,26.27,22.96,33.57,50.46,29.87,2.92,22.4,5.7,24.559599332220365,0.1648828463986115,37.45,26.2
66.05,140.5,36.83,26.15,43.85,42.26,25.58,2.74,25.16,5.91,34.13048987108656,0.1317725752508361,22.4,33.57
80.54,159.19,37.73,26.29,44.65,36.64,46.71,2.98,22.94,6.5,31.71587394650055,0.1423877327491785,25.16,43.85
113.66,210.65,34.31,25.49,41.45,33.21,46.95,2.96,25.94,6.21,33.597636844092115,0.1462897526501766,22.94,44.65
103.13,198.46,32.07,22.82,38.18,32.97,43.06,2.75,23.49,10.04,31.625705289672545,0.2562531904032669,25.94,41.45
70.98,159.99,24.47,17.79,29.35,30.19,37.48,2.29,20.81,13.27,27.100622671633847,0.4372322899505765,23.49,38.18
82.22,198.41,28.82,19.6,33.83,31.53,32.45,2.68,18.83,8.58,26.343718446601937,0.2463393626184324,20.81,29.35
91.34,242.14,32.54,19.41,36.79,30.03,32.41,2.71,13.76,17.61,21.937795198432138,0.4659962953162212,18.83,33.83
59.49,103.59,27.3,18.29,31.92,30.84,18.68,2.12,17.14,4.44,24.25723172628305,0.134872417982989,13.76,36.79
76.88,143.16,30.6,16.47,33.63,31.72,29.0,2.56,23.82,16.41,41.72249570692617,0.4738665896621426,17.14,31.92
82.63,180.58,39.39,19.3,42.3,34.81,30.9,3.14,22.42,6.25,43.503635467980295,0.1443418013856813,23.82,33.63
85.92,186.96,28.34,17.31,32.24,32.27,51.79,2.5,20.35,16.51,31.497487711632992,0.496690734055355,22.42,42.3
65.46,104.94,30.16,19.83,35.07,33.83,24.42,2.12,23.48,14.82,33.99696591454633,0.4108677571388966,20.35,32.24
56.8,113.93,28.58,18.53,33.09,33.0,23.33,2.35,20.75,19.13,30.36533538146441,0.5611616309768259,23.48,35.07
50.91,106.23,32.63,21.15,37.77,34.82,24.62,2.3,21.25,17.03,31.304176072234768,0.4392571575960794,20.75,33.09
44.62,89.78,37.77,21.82,42.31,36.29,28.3,2.32,25.3,15.9,41.87471516213848,0.3671207573308704,21.25,37.77
95.46,158.07,34.36,18.71,37.88,34.7,32.22,2.95,31.82,19.95,55.47109081684424,0.5131172839506173,25.3,42.31
177.63,259.51,37.3,24.23,43.15,36.64,47.03,3.9,25.74,18.53,38.05398335315101,0.4197055492638732,31.82,37.88
180.05,282.93,32.96,21.03,37.02,34.24,47.88,4.02,26.67,9.13,39.90209714026328,0.2401367701209889,25.74,43.15
322.88,448.62,36.08,20.16,40.05,33.27,111.03,5.0,14.02,23.43,23.90555765595463,0.5707673568818514,26.67,37.02
75.76,189.88,32.94,21.47,38.21,34.83,24.01,2.34,46.68,2.0,68.43076101468624,0.0510073960724305,14.02,40.05
173.32,337.65,32.54,19.86,37.02,34.16,65.25,3.42,17.18,6.73,26.79948226270374,0.1770120988953182,46.68,38.21
173.32,337.65,32.54,19.86,37.02,34.16,65.25,3.42,17.18,6.73,26.79948226270374,0.1770120988953182,17.18,37.02
173.32,337.65,32.54,19.86,37.02,34.16,65.25,3.42,17.18,6.73,26.79948226270374,0.1770120988953182,17.18,37.02
173.32,16.0,29.26,19.63,34.46,33.29,16.67,2.92,21.96,12.3,31.14636936500243,0.3468697123519458,17.18,37.02
46.94,117.09,35.37,23.3,41.24,35.95,25.46,2.64,14.47,15.6,21.061888888888888,0.3693181818181817,21.96,34.46
90.17,173.56,31.52,20.19,36.37,34.4,25.39,2.62,22.03,8.11,32.76949504483247,0.217018999197217,14.47,41.24
199.56,118.33,29.46,19.87,34.52,33.47,15.92,2.45,11.45,6.98,16.162769525634882,0.196509009009009,22.03,36.37
199.56,34.96,33.36,22.21,38.93,35.22,24.93,2.59,16.66,9.81,23.945609651012493,0.2456799398948159,11.45,34.52
199.56,38.56,33.59,21.54,38.76,34.99,23.01,2.9,23.29,9.68,34.70767968056788,0.2434607645875251,16.66,38.93
199.56,35.2,30.38,18.69,34.64,33.48,19.5,2.35,18.21,7.8,28.09648552564753,0.2188552188552188,23.29,38.76
27.6,79.41,30.25,19.15,34.79,33.88,18.08,2.68,13.96,9.25,20.957320099255583,0.2584520815870355,18.21,34.64
25.16,78.78,28.69,18.96,33.41,32.82,20.32,2.31,20.11,10.65,28.90560621242485,0.3095030514385353,13.96,34.79
22.33,90.57,32.27,19.04,36.33,34.34,19.3,2.18,13.6,6.83,21.8998003992016,0.1829627645325475,20.11,33.41
21.05,54.06,29.63,14.24,31.66,32.68,10.34,2.19,9.21,8.19,17.906318897637796,0.2507654623392529,13.6,36.33
27.48,71.57,31.9,15.63,34.24,33.71,12.54,2.15,12.76,8.22,24.47648827420324,0.2332576617480136,9.21,31.66
24.88,117.86,30.55,16.94,33.85,33.43,16.93,2.33,12.24,8.63,20.843478260869563,0.2476327116212338,12.76,34.24
31.09,90.13,41.59,25.94,47.59,38.62,32.55,3.03,0.98,5.38,1.5129250185597625,0.1107223708582012,12.24,33.85
31.09,90.13,41.59,25.94,47.59,38.62,16.22,4.43,6.08,5.38,9.386310319227915,0.1107223708582012,0.98,47.59
31.09,90.13,41.59,25.94,47.59,38.62,11.5,2.85,2.69,11.32,4.152824795842614,0.2329697468614941,6.08,47.59
31.09,90.13,41.59,25.94,47.59,38.62,5.26,2.66,0.89,10.52,1.3739829250185598,0.2165054537970775,2.69,47.59
31.09,90.13,41.59,25.94,47.59,38.62,2.72,2.66,2.33,4.91,3.5970564216778027,0.1010495986828565,0.89,47.59
31.09,90.13,41.59,25.94,47.59,38.62,2.17,2.61,1.33,3.2,2.0532553823311064,0.0658571722576661,2.33,47.59
31.09,90.13,41.59,25.94,47.59,38.62,6.29,2.21,7.83,5.9,12.087962138084634,0.121424161350072,1.33,47.59
31.09,90.13,41.59,25.94,47.59,38.62,7.79,2.17,10.06,7.49,15.530638455827766,0.1541469438155999,7.83,47.59
31.09,90.13,21.47,11.11,23.34,7.3,10.69,2.09,18.37,12.21,32.5684475639967,0.5016433853738702,10.06,47.59
31.09,90.13,18.23,12.93,21.7,7.49,11.71,2.2,24.57,6.19,32.154422110552765,0.2726872246696035,18.37,23.34
31.09,90.13,15.43,18.67,22.47,6.81,14.4,2.78,20.94,13.69,16.426243009659377,0.5832978270132083,24.57,21.7
31.09,90.13,12.62,16.95,19.27,5.64,8.38,2.93,13.97,8.54,9.821805013927577,0.4213122841637888,20.94,22.47
31.09,90.13,13.89,20.98,22.46,6.47,3.57,2.25,4.38,4.86,2.767888989990901,0.2071611253196931,13.97,19.27
31.09,90.13,12.95,20.28,21.28,6.22,3.01,2.01,6.16,7.16,3.7486842105263154,0.3213644524236984,4.38,22.46
31.09,90.13,13.05,21.04,21.84,6.29,3.27,1.91,7.74,5.13,4.582894736842106,0.2246059544658493,6.16,21.28
31.09,90.13,15.21,24.34,25.31,7.27,8.57,2.5,11.18,6.84,6.710647198105762,0.2599771949828962,7.74,21.84
31.09,90.13,13.34,19.54,21.25,14.77,3.96,2.25,8.97,5.83,5.825696202531646,0.2620224719101123,11.18,25.31
31.09,90.13,15.31,21.31,23.78,22.34,5.41,2.36,10.01,8.39,6.869255939040789,0.3385794995964487,8.97,21.25
124.2,197.6,14.41,21.97,23.4,22.29,6.89,2.42,12.28,4.38,7.703735306922073,0.1795081967213115,10.01,23.78
159.24,207.83,12.98,20.13,21.25,21.05,5.4,2.34,9.35,9.15,5.7436346426881215,0.4112359550561797,12.28,23.4
87.63,133.6,13.06,18.54,20.49,20.87,4.19,2.05,8.42,5.53,5.627697031729785,0.257328990228013,9.35,21.25
155.25,224.66,14.1,19.85,22.03,21.76,4.4,2.28,7.4,6.21,5.00431654676259,0.2696482848458532,8.42,20.49
258.73,320.05,14.44,22.09,23.46,22.46,8.81,2.46,10.08,8.33,6.303819835426591,0.3405560098119378,7.4,22.03
182.06,312.44,14.78,23.36,24.44,22.66,5.27,2.35,7.2,5.6,4.368472906403941,0.220125786163522,10.08,23.46
76.66,312.44,15.43,24.8,25.73,28.83,5.12,1.74,14.41,2.06,8.618073643410852,0.0770669659558548,7.2,24.44
78.4,312.44,16.92,27.4,28.31,38.79,2.75,1.7,9.78,1.79,5.826676056338028,0.0610713067212555,14.41,25.73
62.31,111.65,13.98,22.79,23.49,34.3,3.07,1.57,6.79,1.36,3.9900882723833546,0.055532870559412,9.78,28.31
43.82,85.84,14.62,23.07,24.16,34.77,3.44,1.44,5.71,1.73,3.4682260074781883,0.0687599364069952,6.79,23.49
59.09,105.84,16.93,27.33,28.29,38.84,3.33,1.49,6.08,3.05,3.6334062830921288,0.1041311027654489,5.71,24.16
57.66,96.66,15.27,24.64,25.52,36.04,3.87,1.53,7.85,3.76,4.675097503900155,0.1417797888386123,6.08,28.29
54.25,139.18,18.28,29.69,30.64,40.82,4.35,1.38,6.76,2.2,4.026484196806777,0.0695322376738306,7.85,25.52
54.91,93.59,13.19,21.25,22.02,32.69,3.57,1.53,6.16,2.12,3.651703370786517,0.0920938314509122,6.76,30.64
60.49,111.14,13.53,22.04,22.72,33.19,2.99,1.51,5.62,5.1,3.3002864583333333,0.215008431703204,6.16,22.02
41.59,78.22,14.94,24.05,24.93,35.41,2.97,1.35,5.47,1.64,3.262347305389221,0.0632472040107983,5.62,22.72
46.01,98.86,16.61,27.22,27.92,38.05,2.99,1.18,5.47,2.13,3.2195854004252302,0.0736514522821576,5.47,24.93
42.54,75.78,13.2,21.98,22.43,32.78,2.52,1.14,5.56,4.56,3.193733681462141,0.1946222791293213,5.47,27.92
68.83,120.82,15.53,25.8,26.35,36.32,2.87,1.5,5.79,2.98,3.3551753731343283,0.1089579524680073,5.56,22.43
76.04,180.57,16.26,26.48,27.29,37.38,3.66,1.6,7.6,2.11,4.4969432314410485,0.0745846588900671,5.79,26.35
110.23,263.55,17.89,28.07,29.58,39.64,9.47,1.99,11.93,5.57,7.341854145166839,0.1821451929365598,7.6,27.29
82.48,208.99,17.78,29.06,29.91,39.87,4.5,1.49,6.65,2.14,3.933366600133068,0.0692332578453575,11.93,29.58
84.19,241.6,18.02,29.53,30.36,40.38,9.01,1.43,10.13,2.28,5.979122174909925,0.072704081632653,6.65,29.91
69.4,190.43,15.12,24.67,25.41,35.59,7.23,1.63,10.33,4.78,6.084518893650174,0.1809920484664899,10.13,30.36
98.82,258.92,15.63,25.37,26.19,36.32,3.85,1.7,7.45,2.6,4.41575654152446,0.095623390952556,10.33,25.41
101.76,302.63,17.14,27.91,28.78,38.55,4.36,1.9,7.79,1.72,4.618491871324801,0.0577568838146407,7.45,26.19
106.78,312.32,18.28,29.61,30.6,39.97,7.26,1.9,12.73,4.01,7.602234563868018,0.1268987341772151,7.79,28.78
72.73,285.1,17.26,28.13,28.99,38.68,8.64,1.37,9.2,1.62,5.451150017164435,0.0540180060020006,12.73,30.6
56.71,220.04,19.88,31.04,32.67,32.03,8.13,1.37,9.85,2.51,6.11167290886392,0.0745470745470745,9.2,28.99
62.01,262.79,18.22,28.19,29.8,22.79,6.24,1.44,8.23,7.74,5.137053785542994,0.2512987012987013,9.85,32.67
46.38,156.81,16.83,25.82,27.42,22.38,3.25,1.27,7.72,7.02,4.844429530201341,0.2470091484869809,8.23,29.8
46.38,156.81,16.83,25.82,27.42,22.38,3.25,1.27,7.72,7.02,4.844429530201341,0.2470091484869809,7.72,27.42
46.38,156.81,16.83,25.82,27.42,22.38,3.25,1.27,7.72,7.02,4.844429530201341,0.2470091484869809,7.72,27.42
46.38,156.81,16.83,25.82,27.42,22.38,3.25,1.27,7.72,7.02,4.844429530201341,0.2470091484869809,7.72,27.42
46.38,156.81,16.83,25.82,27.42,22.38,6.8,2.41,7.72,7.02,4.844429530201341,0.2470091484869809,7.72,27.42
46.0,264.75,9.05,14.08,14.85,11.25,9.48,1.63,8.25,8.25,4.951094164456234,0.5205047318611987,7.72,27.42
64.34,173.13,8.65,12.73,13.8,11.21,7.33,2.09,9.95,3.33,6.268572469045885,0.225,8.25,14.85
46.35,185.52,9.93,14.79,15.93,11.38,6.89,1.67,15.16,8.3,9.533806206459786,0.4902539870053161,9.95,13.8
64.33,286.74,9.24,14.06,14.99,11.28,6.8,1.42,16.62,13.43,10.197131474103584,0.8398999374609131,15.16,15.93
48.83,193.73,9.07,13.53,14.57,11.3,7.0,1.5,15.85,5.49,9.89397797660014,0.3526011560693641,16.62,14.99
48.83,193.73,9.07,13.53,14.57,11.3,7.0,1.5,15.85,5.49,9.89397797660014,0.3526011560693641,15.85,14.57
56.46,200.43,9.24,13.69,14.8,16.17,8.47,1.8,15.17,6.68,9.541919673247108,0.4227848101265822,15.85,14.57
105.93,199.71,8.46,12.46,13.51,16.6,6.82,1.53,16.11,7.64,10.12560178306092,0.5265334252239835,15.17,14.8
100.29,138.02,9.05,13.15,14.35,16.84,7.13,1.38,16.46,6.33,10.527420494699648,0.4123778501628665,16.11,13.51
126.88,167.86,8.89,13.37,14.34,16.83,6.87,1.37,16.81,21.9,10.399505915100905,1.4276401564537158,16.46,14.35
91.5,128.38,9.43,14.08,15.15,16.93,6.92,1.24,16.13,14.89,10.086598143236074,0.921981424148607,16.81,14.34
44.0,69.4,9.74,14.14,15.44,17.04,7.08,1.3,17.08,6.96,10.988058124174373,0.4233576642335767,16.13,15.15
97.99,129.96,10.64,14.99,16.62,17.43,7.4,1.57,16.0,8.71,10.646654158849282,0.4943246311010216,17.08,15.44
94.91,135.29,9.25,13.22,14.55,16.81,7.5,1.57,15.48,7.74,10.069620253164556,0.4977491961414791,16.0,16.62
72.38,98.12,8.74,12.76,13.89,16.68,6.63,1.07,15.6,5.0,9.908720930232558,0.3357958361316319,15.48,14.55
80.06,108.52,8.27,12.07,13.14,16.61,7.13,1.33,16.06,17.29,10.161912777352716,1.2227722772277227,15.6,13.89
97.86,132.61,9.51,13.44,14.89,17.17,6.44,1.4,16.19,11.38,10.662527700831026,0.7161736941472625,16.06,13.14
98.18,136.86,10.16,14.52,15.98,17.4,6.69,1.25,16.75,14.86,10.96520618556701,0.8751472320376913,16.19,14.89
103.78,137.89,9.24,13.71,14.81,17.15,7.07,1.16,15.47,21.87,9.71738953093134,1.383301707779886,16.75,15.98
78.56,115.81,9.42,13.92,15.06,17.12,6.68,1.01,15.44,12.68,9.748310991957103,0.7895392278953921,15.47,14.81
40.39,70.96,8.94,12.89,14.12,16.94,6.45,0.89,17.85,12.11,11.488768898488122,0.8009259259259259,15.44,15.06
53.51,97.26,8.82,12.6,13.87,16.91,7.57,1.2,16.05,16.12,10.40889705882353,1.0840618695359785,17.85,14.12
72.87,111.97,7.78,11.01,12.17,16.35,6.92,1.08,19.02,10.75,12.32103247293922,0.8162490508731967,16.05,13.87
53.22,106.53,9.22,13.02,14.41,16.95,6.42,1.06,17.94,13.06,11.797917261055638,0.8475016223231668,19.02,12.17
70.91,146.61,10.3,14.46,16.06,17.39,7.11,1.43,16.58,25.53,11.046183699870634,1.4964830011723331,17.94,14.41
95.96,161.49,8.99,12.46,13.94,16.86,7.46,1.87,17.03,16.78,11.374420505200597,1.1231593038821956,16.58,16.06
50.98,99.47,9.72,13.83,15.26,17.24,7.48,0.63,18.84,13.32,12.348267026298046,0.8191881918819189,17.03,13.94
55.72,111.78,9.56,13.89,15.16,17.1,7.4,0.9,15.21,18.69,9.765453324378775,1.156559405940594,18.84,15.26
83.08,148.55,7.3,10.28,11.4,16.07,6.7,0.67,15.52,10.58,10.043971631205672,0.8532258064516128,15.21,15.16
101.6,164.59,8.93,12.75,14.04,16.77,6.19,0.68,17.46,15.66,11.339476363636363,1.0412234042553192,15.52,11.4
121.43,180.64,8.38,12.05,13.21,16.57,7.31,1.09,15.52,35.6,9.966099616858235,2.5052779732582686,17.46,14.04
120.42,154.53,6.66,9.34,10.38,15.86,7.83,0.9,16.01,17.61,10.312050290135398,1.5474516695957818,15.52,13.21
128.4,160.69,8.16,11.48,12.74,16.46,6.69,0.68,17.8,10.53,11.63846153846154,0.7663755458515283,16.01,10.38
45.72,46.33,7.79,11.25,12.32,16.49,6.23,0.51,18.24,20.26,11.599151020408163,1.521021021021021,17.8,12.74
24.52,46.33,7.19,10.57,11.5,16.15,6.63,0.43,17.32,6.75,10.763249783923944,0.54,18.24,12.32
24.52,42.0,7.81,10.86,12.13,17.82,6.52,1.16,16.55,9.22,10.898440134907252,0.7022086824067022,17.32,11.5
40.59,42.0,8.78,11.08,13.03,19.62,5.66,0.86,12.61,17.83,9.165215231788078,1.270848182466144,16.55,12.13
37.83,42.0,7.49,9.58,11.18,19.08,6.56,0.91,13.78,12.07,9.755406427221171,0.990968801313629,12.61,13.03
38.73,42.0,8.91,11.36,13.29,19.69,6.88,0.77,15.25,16.36,10.993325242718448,1.144856543037089,13.78,11.18
42.82,122.06,9.03,11.41,13.42,19.71,6.44,1.11,16.01,17.79,11.649500402900886,1.2337031900138695,15.25,13.29
75.04,155.19,9.6,11.99,14.18,19.96,7.21,1.45,15.79,10.7,11.669284064665124,0.7048748353096179,16.01,13.42
87.07,155.19,8.57,10.69,12.65,19.5,7.33,1.63,16.87,5.89,12.367485029940122,0.4315018315018314,15.79,14.18
83.89,155.19,7.35,9.24,10.89,19.04,8.26,2.02,17.85,21.06,12.812255859374998,1.7712363330529854,16.87,12.65
45.06,155.19,30.36,22.48,36.63,16.78,6.66,1.33,17.46,22.61,22.57604770017036,0.600850385330853,17.85,10.89
31.33,155.19,47.8,30.58,55.12,22.15,6.6,1.68,15.29,0.0,23.143191893603547,0.0,17.46,36.63
42.84,155.19,46.16,30.33,53.66,21.87,6.09,1.47,63.36,19.41,93.35134375997448,0.3551042810098793,15.29,55.12
43.66,61.38,48.65,30.87,55.97,11.29,5.99,1.52,94.16,11.03,143.73655475368685,0.193610672283658,63.36,53.66
55.23,66.68,58.31,38.07,67.64,1.99,6.6,1.76,39.26,6.64,58.59356539544408,0.0967365967365967,94.16,55.97
41.81,66.68,28.19,20.42,33.78,15.03,6.6,1.05,9.68,15.41,12.739458450046683,0.4430707303047728,39.26,67.64
35.22,66.68,10.77,14.63,16.54,22.76,6.4,0.96,13.29,3.37,9.157600767754316,0.1921322690992018,9.68,33.78
53.42,66.68,11.36,15.07,17.25,22.79,7.25,1.37,15.01,8.29,10.610678282514002,0.4542465753424657,13.29,16.54
62.57,66.68,9.73,12.74,14.68,22.78,7.27,1.61,15.38,28.4,10.891368267831153,1.8112244897959184,15.01,17.25
65.26,66.68,10.06,13.3,15.25,22.8,6.62,1.35,15.15,13.84,10.65797202797203,0.8516923076923076,15.38,14.68
34.92,66.68,10.09,13.38,15.32,22.86,7.02,1.03,15.11,22.59,10.60221835883171,1.384191176470588,15.15,15.25
29.01,66.68,9.07,12.12,13.82,22.77,6.79,1.43,14.38,18.38,9.941051829268291,1.2402159244264506,15.11,15.32
33.81,66.68,9.92,12.55,14.74,22.85,7.05,1.48,15.4,16.64,11.27439114391144,1.0571791613722998,14.38,13.82
36.49,66.68,10.82,13.74,16.1,22.68,7.12,1.89,14.98,8.71,10.9961736770692,0.5093567251461988,15.4,14.74
35.97,66.68,10.9,14.29,16.46,22.65,6.67,1.35,14.6,22.5,10.408109875735777,1.2886597938144329,14.98,16.1
35.91,66.68,9.16,12.26,13.97,22.81,7.72,1.59,14.69,19.88,10.1478431372549,1.3279893119572477,14.6,16.46
53.11,66.68,10.59,13.77,15.94,22.8,7.85,1.75,16.99,24.66,12.181726472579552,1.4557260920897286,14.69,13.97
69.75,66.68,11.34,14.47,16.92,22.7,8.6,2.39,17.03,50.28,12.483529411764708,2.805803571428571,16.99,15.94
53.72,66.68,9.24,12.28,14.05,22.84,7.87,1.36,15.35,8.33,10.68027108433735,0.5534883720930233,17.03,16.92
30.43,66.68,10.43,13.36,15.59,22.81,7.25,1.09,33.83,24.13,24.57151114206128,1.4544906570223026,15.35,14.05
37.6,66.68,16.2,17.52,22.49,27.5,6.1,1.22,7.21,56.74,6.306803455723542,2.415495955725841,33.83,15.59
37.96,66.68,17.04,16.3,22.51,32.13,6.38,1.16,42.16,35.89,41.52638150289017,1.5265844321565292,7.21,22.49
31.57,66.68,16.51,15.09,21.44,32.25,6.89,0.96,59.46,103.75,61.01209446861406,4.623440285204991,42.16,22.51
41.01,66.68,18.44,16.95,24.02,32.36,5.96,1.53,59.04,16.78,60.65167688022285,0.6706634692246204,59.46,21.44
54.47,66.68,19.25,18.06,25.25,32.29,6.62,1.5,53.78,16.81,54.31610703043023,0.6403809523809524,59.04,24.02
38.22,66.68,22.17,20.96,29.18,32.76,13.17,1.03,48.63,15.53,49.095040983606566,0.5145791915175613,53.78,25.25
31.49,66.68,22.1,21.06,29.17,32.73,8.53,1.23,33.59,87.15,33.6509066183137,2.888631090487239,48.63,29.18
30.65,66.68,17.5,15.49,22.47,32.23,6.79,1.52,17.52,23.12,18.593086719223766,0.9850873455475077,33.59,29.17
34.41,66.68,18.37,17.12,24.05,32.35,6.29,0.82,15.39,17.99,15.602334437086094,0.7181636726546905,17.52,22.47
41.41,66.68,13.97,13.25,18.4,31.75,6.35,0.82,14.63,35.65,14.342533333333336,1.8376288659793816,15.39,24.05
37.51,66.68,15.15,14.41,19.98,31.82,5.79,0.75,13.21,22.88,12.987118754055809,1.090562440419447,14.63,18.4
37.28,66.68,18.18,16.93,23.79,32.27,6.45,0.97,26.11,9.92,26.47405465699944,0.400161355385236,13.21,19.98
36.84,66.68,17.88,16.43,23.28,32.02,6.53,0.85,32.12,25.5,32.94925989672977,1.0502471169686984,26.11,23.79
32.52,66.68,15.8,14.58,20.6,32.03,6.7,0.6,31.56,14.82,32.005648267008986,0.6861111111111111,32.12,23.28
29.3,66.68,17.96,16.37,23.31,32.26,5.61,0.54,28.59,8.99,29.56110535405872,0.369806663924311,31.56,20.6
34.65,66.68,16.83,15.08,21.7,32.01,6.28,0.78,22.44,22.13,23.48664179104477,0.9748898678414096,28.59,23.31
49.56,66.68,13.47,12.7,17.7,31.88,6.27,0.33,30.95,28.26,30.430401459854014,1.5112299465240644,22.44,21.7
46.48,66.68,17.75,15.91,22.88,32.41,7.45,0.46,76.83,19.94,80.64651094027204,0.8350083752093803,30.95,17.7
62.05,66.68,19.23,17.54,24.98,32.51,6.46,0.54,82.27,21.67,85.3318284789644,0.8341031562740571,76.83,22.88
61.38,66.68,18.27,16.76,23.75,32.46,7.48,1.04,22.55,14.84,23.19755067567567,0.5995959595959596,82.27,24.98
36.24,66.68,19.79,17.66,25.49,32.53,6.27,0.6,10.71,6.2,11.358569131832798,0.2340505851264628,22.55,23.75
43.73,66.68,22.59,20.44,29.24,32.78,7.01,0.66,10.87,20.3,11.453045708955225,0.6712962962962964,10.71,25.49
62.02,66.68,21.77,28.56,32.89,83.54,6.86,1.86,11.17,16.43,8.226349797023005,0.4848037769253467,10.87,29.24
56.16,66.68,28.26,21.97,34.67,151.15,6.78,1.2,11.1,19.24,13.656334349151068,0.5393888421642836,11.17,32.89
33.49,66.68,16.65,14.89,21.45,71.98,6.06,0.48,11.14,30.14,11.672813089993706,1.3425389755011137,11.1,34.67
24.6,66.68,22.37,22.79,30.31,58.02,6.53,0.91,12.0,13.07,11.283732660781842,0.4174385180453529,11.14,21.45
47.66,66.68,26.77,21.61,33.26,50.75,6.36,1.39,13.57,10.31,16.06673595754091,0.3009340338587274,12.0,30.31
52.22,66.68,18.76,18.02,24.84,41.43,6.66,0.58,12.85,16.72,12.674342797055733,0.6470588235294117,13.57,33.26
61.6,66.68,18.18,18.02,24.37,42.18,6.29,0.62,16.5,17.15,15.77129337539432,0.6759952700039416,12.85,24.84
71.23,66.68,24.79,22.65,32.2,51.12,8.03,1.62,18.25,11.63,19.12970401691332,0.3503012048192771,16.5,24.37
63.08,66.68,32.25,29.5,41.91,64.97,7.92,1.55,18.88,23.57,19.96327868852459,0.549289209974365,18.25,32.2
60.63,66.68,35.21,32.5,45.92,70.04,8.9,1.81,17.15,24.09,18.02541791044776,0.5134271099744245,18.88,41.91
59.52,66.68,43.91,33.39,53.46,70.65,7.7,2.22,15.06,10.25,19.228979354463505,0.188211531399192,17.15,45.92
40.3,66.68,21.63,20.8,28.65,47.18,7.13,0.48,20.52,6.97,20.359981651376145,0.2350758853288364,15.06,53.46
79.15,66.68,21.4,18.96,27.49,44.47,12.28,0.59,21.91,16.49,23.490681362725446,0.5787995787995788,20.52,28.65
70.95,66.68,18.17,15.91,23.23,37.71,10.73,0.64,22.01,8.81,23.65001182732112,0.3635988444077589,21.91,27.49
90.4,66.68,18.26,15.62,23.15,37.27,12.08,1.9,28.39,31.81,31.19141997593262,1.317184265010352,22.01,23.23
143.83,66.68,33.29,21.39,38.44,48.36,12.16,3.51,23.12,29.72,34.37538186690487,0.7535496957403651,28.39,23.15
44.96,66.68,17.87,15.94,23.0,38.35,6.96,1.03,10.49,21.72,11.065897284533651,0.905,23.12,38.44
15.35,66.68,18.43,16.67,23.84,36.81,5.5,0.58,11.43,16.23,11.921612903225803,0.6533816425120773,10.49,23.0
55.04,66.68,15.62,19.56,23.1,29.4,7.18,0.99,13.87,20.26,10.537422178988328,0.8406639004149378,11.43,23.84
105.86,66.68,21.17,28.17,32.2,30.75,9.33,2.65,16.73,11.72,12.141724374357215,0.3530120481927711,13.87,23.1
65.62,66.68,17.38,24.18,26.99,30.85,9.81,1.85,17.15,23.19,11.837450357426528,0.8285101822079315,16.73,32.2
48.65,66.68,65.71,66.09,88.57,35.02,12.06,3.24,15.99,6.2,15.661095543300044,0.0692196047783856,17.15,26.99
73.45,66.68,44.44,43.75,59.39,43.91,14.06,3.35,21.01,7.39,20.864455865921787,0.1223712535187944,15.99,88.57
75.66,66.68,23.49,24.37,32.07,35.55,9.8,1.56,14.16,3.08,13.110697674418605,0.0931357726035681,21.01,59.39
44.24,66.68,18.73,19.35,25.53,29.08,9.92,1.35,16.19,6.98,14.90116461916462,0.263098379193366,14.16,32.07
71.0,66.68,29.97,26.95,38.71,27.79,11.27,2.59,17.65,21.08,18.92559928443649,0.5308486527323092,16.19,25.53
111.46,66.68,27.51,26.25,36.33,35.72,15.28,2.6,18.52,13.13,18.696704587155963,0.3517278328422181,17.65,38.71
83.89,66.68,30.98,27.81,39.98,32.87,11.94,3.07,19.68,21.7,21.16231863936133,0.529526598340654,18.52,36.33
115.23,66.68,39.71,34.46,50.61,43.5,15.06,4.04,18.02,11.32,20.17975747320925,0.219337337725247,19.68,39.98
123.27,66.68,29.62,28.19,39.09,35.34,14.36,2.83,18.68,13.26,18.955176430284343,0.3307557994512347,18.02,50.61
142.2,66.68,31.82,27.41,40.44,32.57,15.28,3.05,20.71,15.38,23.1957831749384,0.3711389961389962,18.68,39.09
164.08,66.68,72.0,58.45,89.63,43.03,21.04,5.79,13.52,11.71,16.374095878889822,0.1292066644598918,20.71,40.44
155.92,66.68,50.27,43.55,64.03,51.04,16.1,3.96,12.8,8.14,14.44345679012346,0.1251729970782715,13.52,89.63
173.99,66.68,54.2,46.36,68.73,41.26,15.52,4.46,12.86,9.59,14.71731418918919,0.1375304746880826,12.8,64.03
331.91,66.68,34.13,30.81,44.13,44.54,12.83,3.75,17.07,21.5,18.314966991512104,0.4764015067582539,12.86,68.73
382.47,66.68,41.84,37.41,53.91,47.02,16.92,4.46,13.57,12.72,14.781796407185633,0.2316517938444728,17.07,44.13
339.6,66.68,23.87,23.03,31.66,45.0,15.98,2.64,16.1,14.63,15.992800665834377,0.4479485609308022,13.57,53.91
282.28,66.68,31.63,28.77,41.01,41.54,15.32,3.04,19.19,10.0,20.388972119583475,0.238038562247084,16.1,31.66
292.09,66.68,26.3,23.54,34.01,39.3,16.3,2.97,15.76,9.73,16.890301548492257,0.2779205941159668,19.19,41.01
296.08,66.68,36.02,30.56,45.54,26.88,24.56,3.48,18.15,11.85,20.714923954372622,0.2546196819939836,15.76,34.01
233.64,66.68,47.0,40.47,59.74,36.68,22.25,4.2,19.01,11.0,21.5449722691102,0.1810997695093842,18.15,45.54
327.49,66.68,48.94,42.5,62.4,45.14,16.14,5.35,12.22,14.76,13.748202298850574,0.232807570977918,19.01,59.74
454.25,66.68,43.97,44.88,59.62,43.34,16.89,6.18,18.46,17.72,17.691503923278116,0.2923127680633454,12.22,62.4
178.44,66.68,53.9,54.46,72.64,44.48,17.67,7.46,11.25,25.26,10.933555715831227,0.3430200977729495,18.46,59.62
177.41,66.68,36.59,33.49,47.57,38.01,25.19,3.81,15.7,10.71,16.65592925485648,0.2205064854848672,11.25,72.64
197.05,66.68,32.64,26.75,40.77,41.25,19.97,3.64,17.42,12.62,20.48968648648649,0.3021307158247546,15.7,47.57
261.58,66.68,27.08,20.51,32.93,33.45,23.1,3.75,21.73,15.71,27.356968851696884,0.4630120837017389,17.42,40.77
227.14,66.68,35.35,22.26,40.58,33.31,23.53,5.49,16.94,16.26,25.745012897678414,0.3910533910533911,21.73,32.93
199.64,66.68,50.15,27.88,55.6,41.74,20.08,7.64,15.73,21.93,27.3150796398892,0.3874558303886926,16.94,40.58
235.38,66.68,42.47,24.97,47.82,37.15,29.8,5.97,13.13,25.23,21.47212552945707,0.5167963949201148,15.73,55.6
227.98,66.68,35.42,21.32,40.14,30.56,23.93,5.27,13.58,18.17,21.550340501792117,0.4416626154594069,13.13,47.82
194.86,66.68,31.88,20.87,37.03,38.89,15.6,3.77,14.73,39.75,21.4719890260631,1.04522745201157,13.58,40.14
131.46,66.68,15.84,13.77,20.19,20.91,19.64,1.56,17.81,16.52,19.10023019634394,0.779613025011798,14.73,37.03
136.8,66.68,15.84,13.77,20.19,20.91,16.71,3.24,16.47,13.14,17.663155044008125,0.6201038225578103,17.81,20.19
242.55,66.68,54.6,26.42,58.04,46.39,21.05,8.08,10.77,25.8,21.44573304157549,0.4369918699186992,16.47,20.19
285.77,66.68,44.88,40.89,58.23,39.77,19.64,7.69,10.67,22.42,11.431597039866318,0.3785243964207327,10.77,58.04
307.61,66.68,51.24,45.93,66.08,40.79,23.68,10.32,12.62,31.59,13.779007031749412,0.4709302325581395,10.67,58.23
273.5,66.68,53.94,46.73,68.71,41.52,16.84,9.46,10.48,47.55,11.843519798868638,0.6821116052216325,12.62,66.08
310.83,66.68,35.52,33.13,46.51,38.51,14.51,6.01,10.82,42.41,11.260662174040434,0.8926541780677751,10.48,68.71
228.27,66.68,32.47,31.98,43.41,37.02,22.26,5.21,12.49,24.48,12.29685567010309,0.5512272010808377,10.82,46.51
175.67,66.68,20.29,22.83,28.64,35.41,12.03,2.6,15.46,9.99,13.163382291229544,0.3370445344129554,12.49,43.41
250.82,66.68,27.87,28.04,37.57,37.32,10.7,3.78,9.63,14.23,9.242014462809918,0.3689395903551983,15.46,28.64
277.69,66.68,18.3,21.39,26.25,36.03,10.66,1.45,8.98,14.03,7.339615899955337,0.5148623853211008,9.63,37.57
227.78,66.68,22.71,23.8,31.13,35.75,8.93,1.7,11.15,11.64,10.210342741935484,0.3622782446311858,8.98,26.25
182.61,66.68,33.9,32.67,44.78,35.98,12.26,2.99,14.27,29.6,14.367478467478469,0.6465705548274355,11.15,31.13
194.53,66.68,47.64,42.88,61.53,39.04,21.12,0.11,9.24,47.13,10.03175934366454,0.7537182152566768,14.27,44.78
118.57,118.05,17.74,22.93,26.61,34.21,10.73,1.52,9.26,23.57,6.864705390722941,0.8536762042738139,9.24,61.53
49.94,113.83,16.53,23.05,25.69,29.76,10.51,2.86,10.54,13.1,7.24433264033264,0.4908205320344698,9.26,26.61
57.56,129.77,18.02,25.79,28.37,29.23,9.43,3.48,12.17,18.22,8.18601717058604,0.6203609124957439,10.54,25.69
80.19,165.27,15.9,27.48,27.54,32.3,11.75,4.49,12.13,13.34,6.772015449438203,0.4674141555711282,12.17,28.37
74.02,156.82,12.72,24.04,23.13,45.38,10.19,3.61,12.84,12.81,6.522555910543131,0.530874430169913,12.13,27.54
46.71,107.31,9.39,20.41,18.5,44.17,10.5,2.81,14.23,12.23,6.24099486221392,0.6271794871794872,12.84,23.13
53.0,124.73,22.2,31.6,34.86,44.89,12.52,4.54,13.54,15.71,9.220490797546011,0.4380925822643614,14.23,18.5
99.18,196.99,39.87,48.06,57.99,38.15,15.92,8.32,10.09,21.04,8.199924582144313,0.3566706221393456,13.54,34.86
172.96,259.67,32.23,41.29,48.17,31.08,17.21,7.6,9.78,16.16,7.453520926933081,0.3286556843603823,10.09,57.99
209.83,259.67,18.75,28.95,30.64,30.16,13.08,4.67,14.01,13.01,8.770868113522537,0.4111883691529709,9.78,48.17
242.79,259.67,10.24,21.28,19.64,29.41,20.97,3.05,15.46,11.25,7.105493716337523,0.5450581395348837,14.01,30.64
165.96,259.67,3.69,14.89,10.92,27.63,16.43,1.95,20.1,6.52,4.667652611705476,0.546979865771812,15.46,19.64
167.99,259.67,7.73,16.81,15.22,29.2,7.58,1.37,19.1,7.9,8.289893318360473,0.4870530209617756,20.1,10.92
158.28,259.67,15.41,19.49,22.9,30.5,13.7,0.63,21.64,6.16,16.274885309907273,0.2577405857740586,19.1,15.22
188.95,259.67,42.05,31.71,51.06,27.15,18.98,1.22,18.79,8.99,24.155288902476304,0.1726853630426431,21.64,22.9
250.24,259.67,84.33,55.36,97.1,24.01,25.96,2.19,15.85,23.54,23.71594215755855,0.2399592252803262,18.79,51.06
361.8,259.67,66.12,45.34,78.68,27.2,26.63,1.79,15.26,19.39,21.773655589123862,0.2433483935742971,15.85,97.1
308.86,259.67,92.54,58.71,106.45,25.33,28.73,2.53,7.95,57.74,12.321101992966003,0.5373662168450443,15.26,78.68
300.61,259.67,74.56,49.77,87.09,25.67,21.21,1.84,7.48,16.4,10.98500689383494,0.186173231921898,7.95,106.45
401.7,259.67,83.07,56.34,97.5,25.71,24.34,2.21,8.5,31.91,12.314178583885592,0.3239593908629442,7.48,87.09
418.73,259.67,64.8,47.5,77.94,28.6,18.86,1.43,6.76,33.75,9.031917525773196,0.4275399037243476,8.5,97.5
132.52,259.67,36.93,31.69,46.87,29.01,15.04,0.46,9.54,7.37,10.777369226063016,0.1539586379778567,6.76,77.94
163.73,223.91,34.55,31.06,44.61,29.73,12.16,0.96,7.9,9.72,8.513568309419837,0.2131111598333699,9.54,46.87
142.48,212.92,39.09,32.74,49.2,26.42,16.11,1.38,11.31,12.11,13.103375815056316,0.2412350597609561,7.9,44.61
153.04,245.48,51.11,37.83,61.67,24.37,19.66,0.97,12.01,11.33,15.808166366211692,0.1807882559438327,11.31,49.2
168.72,234.78,34.37,28.92,43.33,27.32,15.39,1.22,12.34,9.14,14.17532754010695,0.2061809158583352,12.01,61.67
208.84,254.51,32.2,26.86,40.47,28.74,14.13,2.42,13.34,11.92,15.418090452261309,0.2874367012298047,12.34,43.33
240.99,304.71,35.1,28.88,43.9,28.13,15.78,1.95,13.62,13.65,15.999397590361449,0.3040089086859688,13.34,40.47
211.72,265.12,33.08,28.23,41.64,28.63,15.42,1.54,15.09,15.89,17.077564146424905,0.3726547842401501,13.62,43.9
168.09,213.67,39.08,31.68,48.46,28.41,18.6,2.71,13.09,9.59,15.653525091799263,0.1938940558026688,15.09,41.64
213.47,251.85,50.86,39.47,62.35,26.66,14.23,3.32,10.08,15.02,12.667872498146776,0.2370955011838989,13.09,48.46
78.05,98.38,22.55,24.32,31.27,29.94,10.59,1.29,10.85,6.12,9.663013428120063,0.1896498295630617,10.08,62.35
53.51,68.78,19.73,23.74,28.67,30.45,14.66,0.8,12.34,11.16,9.841075181891672,0.3761375126390293,10.85,31.27
37.17,41.53,16.76,23.12,25.93,31.24,4.11,0.13,12.32,2.19,8.560663349917082,0.0813219457853694,12.34,28.67
35.76,40.75,13.54,21.02,22.2,29.29,4.13,0.1,12.28,7.77,7.550917347865576,0.3349137931034482,12.32,25.93
62.57,80.63,17.56,22.27,26.13,27.53,9.12,1.15,13.44,9.61,10.14208852599914,0.3542204201990416,12.28,22.2
64.34,90.24,18.22,22.22,26.63,26.66,9.23,1.18,14.58,5.31,11.440465116279071,0.1921824104234527,13.44,26.13
80.62,107.55,17.39,20.81,25.21,27.13,9.15,1.05,16.29,5.55,12.988679504814304,0.2117512399847386,14.58,26.63
177.13,224.16,38.72,31.89,48.44,23.26,10.67,1.71,13.1,15.69,15.422073578595317,0.3173543689320388,16.29,25.21
131.86,176.9,25.37,24.75,33.79,25.47,13.29,1.67,12.5,8.96,12.315533980582524,0.2575452716297787,13.1,48.44
151.28,168.52,11.91,17.79,19.14,27.91,7.49,0.69,13.01,9.26,8.246359765832889,0.4597815292949354,12.5,33.79
199.07,213.43,14.29,19.27,21.87,28.46,5.94,1.41,14.97,12.55,10.553591514553528,0.5487538259728902,13.01,19.14
212.22,236.17,18.89,21.05,26.56,28.6,8.5,1.55,12.88,5.52,11.034158730158731,0.2002902757619738,14.97,21.87
192.07,213.23,11.67,17.84,18.98,29.4,7.73,0.93,14.38,7.71,8.90735668789809,0.3858858858858858,12.88,26.56
188.39,218.96,17.34,21.84,25.71,27.53,8.9,1.73,15.25,13.86,11.577714535901926,0.5189067764882066,14.38,18.98
195.17,226.22,24.48,25.02,33.21,27.99,11.88,1.66,12.66,18.08,11.910714834742508,0.5285004384682841,15.25,25.71
177.54,196.88,26.84,26.5,35.91,28.11,12.97,1.96,13.22,18.12,12.902720000000002,0.4909238688702249,12.66,33.21
153.8,157.23,17.02,21.89,25.46,30.15,9.16,0.39,12.71,12.77,9.450598514635212,0.482615268329554,13.22,35.91
172.47,177.31,9.1,17.13,16.51,25.75,7.94,0.58,13.14,4.34,6.595366795366796,0.2478583666476299,12.71,25.46
172.09,174.79,6.76,15.35,13.66,23.5,9.57,0.91,12.38,8.21,5.118581039755351,0.5600272851296044,13.14,16.51
248.33,254.33,7.33,15.64,14.27,23.53,7.65,0.54,12.64,11.99,5.567980769230769,0.7851997380484611,12.38,13.66
296.0,281.0,6.14,14.55,12.73,23.53,7.31,0.15,14.33,5.94,5.658276527331189,0.4326292789512018,12.64,14.27
264.0,250.0,6.18,14.49,12.73,23.48,8.26,0.31,14.78,8.21,5.896733376371852,0.59796067006555,14.33,12.73
388.0,369.0,8.17,16.7,15.53,23.42,9.42,0.53,18.47,12.75,8.525418079096045,0.7713248638838475,14.78,12.73
268.0,251.0,8.39,16.92,15.82,23.53,10.18,0.31,18.36,7.71,8.596004464285715,0.4583828775267538,18.47,15.53
280.0,275.0,9.03,18.11,17.0,23.4,12.95,0.59,22.8,5.94,10.773626373626373,0.33,18.36,15.82
258.27,275.0,10.13,18.86,18.27,23.59,22.9,2.3,13.42,8.37,6.845146022155086,0.4343539180072651,22.8,17.0
255.59,275.0,9.79,18.94,18.02,23.56,33.94,3.23,15.29,12.01,7.506975927783348,0.631440588853838,13.42,18.27
195.35,275.0,10.55,19.63,19.01,23.5,22.92,1.1,19.61,11.25,10.028380998545808,0.5622188905547226,15.29,18.02
168.02,275.0,10.45,19.55,18.9,23.41,23.13,1.18,14.53,8.32,7.388734793187346,0.4180904522613066,19.61,19.01
76.67,139.18,8.79,17.57,16.49,23.51,17.99,0.85,16.27,3.56,7.701308562197092,0.2035448827901658,14.53,18.9
139.8,216.31,8.26,17.23,15.88,23.4,31.58,2.52,18.17,11.42,8.232814042786616,0.6765402843601894,16.27,16.49
156.24,256.68,9.6,18.15,17.46,23.65,35.24,1.32,16.2,16.1,8.121148825065275,0.8721560130010835,18.17,15.88
130.28,237.91,39.13,22.05,42.3,15.93,21.27,1.54,14.31,8.79,24.292854663774406,0.2030023094688221,16.2,17.46
166.56,296.43,26.21,16.16,29.91,5.17,14.74,1.93,12.05,12.33,18.405040792540795,0.3989000323519897,14.31,42.3
114.61,187.08,20.26,17.25,25.76,4.2,14.76,0.86,6.51,10.2,7.226991780821919,0.3811659192825111,12.05,29.91
85.22,162.83,17.3,17.3,23.27,3.6,14.23,0.95,10.11,8.41,9.557540983606556,0.3465183353934899,6.51,25.76
87.88,167.29,17.41,17.27,23.35,3.6,15.43,0.3,14.52,15.95,13.836518883415437,0.6550308008213551,10.11,23.27
92.25,169.65,20.2,17.6,25.79,3.6,15.65,0.65,12.43,12.3,13.499247311827956,0.4591265397536395,14.52,23.35
141.63,269.58,41.4,21.12,44.9,3.6,17.88,1.43,10.02,34.74,18.753526220614827,0.7568627450980393,12.43,25.79
119.98,243.38,39.72,20.94,43.43,3.6,16.49,2.08,11.33,25.65,20.51174111212397,0.5773126266036461,10.02,44.9
121.94,278.2,58.17,23.2,59.63,3.6,17.97,1.95,9.04,12.59,21.729619834710743,0.2076529770740557,11.33,43.43
141.56,262.56,58.17,23.2,59.63,3.6,17.82,0.86,10.55,12.16,25.359235537190088,0.2005607784924954,9.04,59.63
122.86,223.62,58.17,23.2,59.63,3.6,16.99,1.39,13.88,9.79,33.36361983471075,0.1614712188685469,10.55,59.63
115.53,217.49,58.17,23.2,59.63,3.6,16.57,1.68,8.1,14.44,19.47012396694215,0.2381659244598383,13.88,59.63
93.06,175.57,58.17,23.2,59.63,3.6,15.07,0.29,8.96,6.93,21.53732231404959,0.1142998515586343,8.1,59.63
79.91,138.19,58.17,23.2,59.63,3.6,15.19,0.25,14.75,6.93,35.45485537190083,0.1142998515586343,8.96,59.63
69.86,164.65,58.17,23.2,59.63,3.6,17.02,1.08,10.38,6.93,24.95060330578513,0.1142998515586343,14.75,59.63
99.02,234.7,58.17,23.2,59.63,3.6,20.7,1.21,15.29,2.88,36.75286363636364,0.0475012370113805,10.38,59.63
124.18,197.15,58.17,23.2,59.63,3.6,20.59,1.2,15.08,4.58,36.248082644628106,0.0755401616361537,15.29,59.63
165.75,271.78,58.17,23.2,59.63,3.6,21.87,0.78,23.17,8.51,55.694169421487615,0.1403595579746,15.08,59.63
148.19,244.61,58.17,23.2,59.63,3.6,21.32,0.69,12.02,6.3,28.892702479338844,0.1039089559623948,23.17,59.63
29.38,61.16,58.17,23.2,59.63,3.6,16.15,0.46,10.78,1.77,25.91209090909091,0.0291934685799109,12.02,59.63
44.61,78.72,58.17,23.2,59.63,3.6,15.73,0.4,19.28,2.34,46.34370247933885,0.0385947550717466,10.78,59.63
46.77,87.3,58.17,23.2,59.63,3.6,16.85,0.35,24.94,3.76,59.94875206611571,0.0620155038759689,19.28,59.63
88.74,154.38,58.17,23.2,59.63,3.6,17.89,0.66,32.31,7.16,77.66416115702481,0.1180933531255154,24.94,59.63
114.11,220.0,58.17,23.2,59.63,3.6,20.06,1.36,25.75,10.09,61.89576446280992,0.1664192643905657,32.31,59.63
83.38,156.68,58.17,23.2,59.63,3.6,19.66,0.91,16.5,8.21,39.66136363636364,0.1354115124525812,25.75,59.63
98.8,153.72,58.17,23.2,59.63,3.6,17.32,0.26,24.76,12.17,59.516082644628106,0.2007257133432294,16.5,59.63
63.13,109.75,58.17,23.2,59.63,3.6,16.81,0.32,34.31,4.97,82.47159917355373,0.0819726208147781,24.76,59.63
94.56,160.97,58.17,23.2,59.63,3.6,21.04,0.77,54.64,11.24,131.33920661157026,0.1853867722249711,34.31,59.63
145.15,270.64,39.37,26.11,45.63,34.33,27.32,1.04,31.04,11.46,45.0772703799336,0.2457645292730002,54.64,59.63
127.65,229.29,25.82,16.21,29.47,27.39,23.82,0.55,34.6,19.1,51.91005229517722,0.6268460781096161,31.04,45.63
69.15,145.8,16.25,16.17,21.42,21.63,21.92,0.59,27.46,15.96,25.98864298194525,0.711864406779661,34.6,29.47
66.55,135.22,14.27,16.53,19.94,21.02,21.76,0.34,32.96,5.8,26.83053051911009,0.2769818529130849,27.46,21.42
79.63,153.24,15.42,16.23,20.81,20.52,25.59,0.68,29.23,6.79,26.15940800928613,0.3113250802384227,32.96,19.94
74.61,145.98,18.99,18.09,24.74,21.44,22.15,0.67,26.06,6.29,25.923488737558927,0.2443667443667443,29.23,20.81
97.59,178.39,23.31,19.85,29.39,24.07,27.35,0.61,30.37,14.54,33.95322302158273,0.4784468575189207,26.06,24.74
139.48,242.25,31.08,18.67,35.12,28.03,23.99,1.29,34.15,28.07,53.9594306049822,0.7771317829457365,30.37,29.39
124.54,218.07,23.04,19.72,29.09,23.04,23.54,0.69,31.19,36.5,34.682316602316604,1.2130275839149218,34.15,35.12
110.63,188.69,17.17,18.72,23.72,19.79,19.18,0.53,26.95,20.07,23.465086206896554,0.8118932038834952,31.19,29.09
133.0,230.52,21.41,37.99,36.89,18.74,25.86,1.28,34.12,7.57,18.735809181841496,0.1997888624967009,26.95,23.72
151.94,224.14,19.13,28.83,30.75,18.92,21.48,1.35,28.1,17.81,18.02054978209856,0.5609448818897638,34.12,36.89
128.15,208.55,27.07,33.8,39.88,19.99,23.45,1.5,22.84,26.29,17.766632183908047,0.6431017612524461,28.1,30.75
116.36,206.96,29.12,34.35,41.87,20.5,28.98,1.13,22.79,17.36,18.773544554455444,0.4049451831117331,22.84,39.88
166.72,272.7,29.66,35.99,43.0,20.83,23.69,0.9,26.02,0.0,20.863833468505,0.0,22.79,41.87
87.99,164.76,14.79,26.35,25.79,18.04,23.47,0.5,24.63,0.0,13.319111517367457,0.0,26.02,43.0
112.79,220.24,27.96,34.55,40.76,20.02,24.73,0.95,10.7,7.51,8.415527426160338,0.1798371647509578,24.63,25.79
153.39,298.08,49.9,44.76,64.27,23.85,23.72,1.3,16.87,21.73,18.396263111888118,0.3329247740156274,10.7,40.76
137.12,228.24,16.88,30.01,29.44,18.34,23.17,0.52,15.29,19.99,8.322966784908093,0.6567017082785808,16.87,64.27
135.19,223.2,14.88,27.17,26.3,17.88,26.99,0.5,21.17,22.22,11.1824494142705,0.8139194139194138,15.29,29.44
140.55,224.48,21.7,29.6,33.27,19.27,25.04,0.67,23.72,20.21,16.821045751633985,0.5897286256200759,21.17,26.3
168.45,272.91,42.56,42.3,57.03,22.76,22.98,0.58,19.69,22.61,19.35349653579677,0.3896260554885404,23.72,33.27
183.05,280.71,41.84,32.52,51.22,30.21,25.29,1.58,24.77,22.85,30.91816229116945,0.4375718115664497,19.69,57.03
135.4,233.86,43.43,36.66,54.69,47.91,43.43,3.45,37.8,13.49,43.59144981412639,0.2422337942179924,24.77,51.22
122.07,249.33,41.13,48.99,59.4,49.14,39.54,3.36,16.88,15.83,13.888265653130626,0.2620860927152318,37.8,54.69
56.28,136.17,19.13,31.02,31.87,41.04,20.87,1.2,11.56,11.41,6.906396002498439,0.3471250380285974,16.88,59.4
86.35,182.76,31.06,40.68,46.85,44.69,9.89,2.34,10.35,29.91,7.712835892514396,0.6250783699059561,11.56,31.87
91.15,170.44,25.18,34.11,38.5,42.2,10.04,2.02,9.81,27.15,7.03548276844204,0.6873417721518987,10.35,46.85
80.68,162.58,23.33,36.01,37.98,40.71,11.08,1.42,8.42,21.77,5.3077168332883,0.5584915341200616,9.81,38.5
76.07,146.22,24.78,35.7,38.97,41.72,7.58,1.61,10.67,10.48,7.204430517711171,0.2621966474856142,8.42,37.98
87.65,158.02,30.37,39.23,45.38,43.98,14.58,1.81,11.79,14.91,8.900380313199106,0.3214747736093143,10.67,38.97
88.47,179.08,31.09,42.89,47.92,44.85,11.93,1.95,11.66,24.53,8.259498746867168,0.5014309076042518,11.79,45.38
65.61,139.55,23.99,30.14,35.39,43.5,10.35,1.75,8.91,24.48,6.864190751445086,0.6727122835943941,11.66,47.92
64.28,144.45,26.72,29.32,37.17,44.95,12.68,2.11,8.28,29.5,7.296886543535619,0.7728582656536547,8.91,35.39
67.69,140.88,26.11,29.43,36.75,45.06,8.67,1.65,8.65,23.73,7.422001314492278,0.6286092715231788,8.28,37.17
72.98,137.15,25.59,29.26,36.19,44.96,11.66,1.63,8.24,18.51,6.968327825512227,0.4977144393654208,8.65,36.75
74.2,134.6,25.97,30.12,37.02,45.56,7.87,2.04,7.52,1.0,6.275526992287917,0.0263019463440294,8.24,36.19
90.78,207.56,32.86,33.07,44.27,47.44,9.07,2.54,8.84,1.0,8.526046375110067,0.0220896841175171,7.52,37.02
51.07,175.35,22.65,27.17,32.77,43.83,8.91,0.82,7.2,1.0,5.7891373801916926,0.0296120817293455,8.84,44.27
49.24,126.13,24.07,28.68,34.72,44.04,11.52,1.23,8.38,1.0,6.796044474393532,0.0279955207166853,7.2,32.77
80.31,171.18,27.03,30.64,38.21,45.8,14.56,1.86,9.16,1.0,7.825372945638433,0.0255036980362152,8.38,34.72
96.8,176.59,29.15,33.8,41.58,46.67,9.65,1.81,8.98,1.0,7.522040229885058,0.0234852043212775,9.16,38.21
94.29,171.76,31.96,36.33,45.07,48.04,7.6,2.49,9.81,1.0,8.398810608090008,0.0217060994139353,8.98,41.58
112.48,211.77,31.68,36.1,44.75,48.21,14.86,2.03,9.32,1.0,7.958425876010782,0.0218579234972677,9.81,45.07
86.89,192.5,26.52,31.86,38.39,45.97,11.54,1.21,7.12,3.27,5.74626902008521,0.083015993907083,9.32,44.75
98.26,341.56,14.09,30.37,26.99,23.63,18.86,1.36,17.73,8.25,7.963522473700988,0.2947481243301179,7.12,38.39
65.52,200.81,13.98,30.54,27.5,23.9,22.53,1.17,69.55,7.25,30.827805960684845,0.2543859649122807,17.73,26.99
107.16,240.73,16.89,34.28,31.76,24.12,22.67,1.59,52.73,7.86,25.244039115646256,0.2399267399267399,69.55,27.5
126.31,267.07,11.61,27.13,23.75,23.18,33.47,1.06,64.65,11.81,26.682776395307503,0.4771717171717172,52.73,31.76
85.09,236.09,11.23,26.81,23.19,23.13,22.41,0.85,72.39,6.23,29.231920172599786,0.2575444398511782,64.65,23.75
76.93,194.02,11.43,29.3,24.77,28.7,10.56,1.18,44.73,7.52,16.87339603960396,0.2918121847109041,72.39,23.19
151.02,273.56,14.4,37.49,31.59,35.85,19.28,1.97,52.32,11.79,19.574123148869838,0.3617674133169683,44.73,24.77
161.66,301.05,15.07,39.31,33.14,35.89,7.42,2.21,48.16,11.03,18.004743239890843,0.3230814294083187,52.32,31.59
151.62,297.33,13.01,35.9,29.68,35.49,11.93,1.78,35.58,10.06,12.54460162601626,0.3279009126466753,48.16,33.14
120.97,234.2,13.54,36.4,30.33,35.92,13.03,1.62,33.9,12.15,12.27288770053476,0.3878072135333546,35.58,29.68
122.27,303.09,14.11,37.72,31.5,36.02,17.63,1.62,34.26,12.49,12.48472623966942,0.3843076923076923,33.9,30.33
102.95,252.11,13.63,37.45,30.91,35.98,12.88,1.22,33.11,3.21,11.737042912873862,0.1005954246317768,34.26,31.5
109.84,305.39,11.69,31.74,26.32,35.37,8.4,1.17,33.26,3.17,11.875668906536347,0.1160322108345534,33.11,30.91
82.34,201.01,12.85,34.08,28.55,35.56,16.03,1.19,22.08,3.29,8.088027366020524,0.1113367174280879,33.26,26.32
110.12,199.65,12.61,33.57,28.08,35.38,14.48,1.24,41.33,3.11,15.07582586057275,0.1069463548830811,22.08,28.55
141.46,289.36,16.24,38.6,33.69,36.99,6.5,1.86,30.58,6.88,12.540888888888889,0.198328048428942,41.33,28.08
122.4,245.18,17.06,41.48,35.9,36.57,12.53,1.84,37.55,9.59,15.080108286252354,0.2598915989159892,30.58,33.69
125.46,233.88,12.89,32.47,27.72,35.53,10.92,1.36,45.69,8.05,17.596178667463402,0.2802924791086351,37.55,35.9
108.11,189.83,12.04,32.35,26.94,35.16,14.9,1.26,31.97,7.23,11.541793103448274,0.2587687902648533,45.69,27.72
72.25,150.89,12.82,33.29,28.07,35.56,12.76,1.25,25.57,8.61,9.559854184893556,0.2961816305469556,31.97,26.94
69.94,150.88,13.27,33.48,28.54,35.05,14.07,1.24,36.72,6.19,14.132088167053364,0.2095463777928233,25.57,28.07
83.69,180.29,13.84,34.99,29.78,35.82,12.99,1.41,33.72,4.92,12.967068630175048,0.1598440545808966,36.72,28.54
85.37,190.04,14.61,35.98,30.98,36.09,18.59,1.41,51.11,8.69,20.192458085451594,0.2717323327079424,33.72,29.78
101.83,229.99,17.42,41.74,36.28,37.74,13.16,2.16,47.57,13.03,19.38861488067384,0.3495171673819742,51.11,30.98
94.67,241.81,18.27,43.42,37.92,37.46,17.68,2.11,32.97,11.88,13.560601080594326,0.3052415210688592,47.57,36.28
83.1,333.72,12.76,33.9,28.34,35.75,10.89,1.16,34.34,6.33,12.555255014326647,0.2157464212678936,32.97,37.92
66.8,209.74,12.88,32.7,27.8,35.95,14.84,1.11,49.07,2.99,18.75435014836795,0.1038194444444444,34.34,28.34
77.11,219.75,12.55,33.21,27.79,35.98,12.02,1.13,39.08,4.95,14.336568254896228,0.1719346995484543,49.07,27.8
97.56,251.01,9.38,28.16,22.49,34.55,16.07,1.43,41.77,9.36,13.43630315500686,0.3984674329501915,39.08,27.79
83.49,280.4,10.4,30.25,24.48,35.07,8.29,1.26,37.83,8.34,12.589824,0.3273155416012558,41.77,22.49
67.08,304.29,11.57,34.29,27.57,35.28,11.97,0.8,33.12,8.62,10.858554831396996,0.3017150857542877,37.83,24.48
63.36,185.28,10.36,31.2,24.89,34.56,12.27,0.99,44.29,11.95,14.24982608695652,0.4615681730397836,33.12,27.57
35.29,99.72,9.93,28.84,23.35,34.61,12.44,0.84,29.27,6.28,9.74031836461126,0.2579055441478439,44.29,24.89
39.41,90.4,9.74,29.17,23.37,34.62,12.57,0.96,17.94,7.42,5.7917003646005965,0.3044727123512515,29.27,23.35
97.52,178.73,9.79,28.59,23.08,35.08,12.97,1.19,32.57,11.71,10.775947955390334,0.486295681063123,17.94,23.37
111.53,207.28,10.78,30.93,25.15,35.58,6.67,1.46,43.07,12.81,14.541014719699342,0.4898661567877629,32.57,23.08
93.11,215.39,11.21,33.51,26.86,35.27,8.46,1.19,18.14,8.08,5.892477542741236,0.290021536252692,43.07,25.15
95.77,277.29,11.95,35.43,28.49,36.04,10.83,0.96,17.4,8.45,5.707658523195168,0.2865378094269243,18.14,26.86
112.17,284.95,12.17,35.56,28.7,36.16,11.77,0.89,33.12,12.51,11.024901531728664,0.4212121212121212,17.4,28.49
111.31,238.51,11.47,34.49,27.53,35.85,13.2,1.25,19.57,9.7,6.324821076359538,0.3399929898352611,33.12,28.7
125.0,326.67,10.82,32.78,26.16,34.98,10.63,1.67,24.16,11.11,7.738638247483718,0.4090574374079528,19.57,27.53
80.15,228.75,11.24,32.82,26.51,35.45,8.7,1.64,31.53,8.54,10.47892371377883,0.3104325699745546,24.16,26.16
79.52,231.29,11.82,34.74,27.97,35.39,7.55,1.33,26.6,3.53,8.797202014549525,0.1218501898515705,31.53,26.51
90.26,226.34,12.88,37.71,30.44,36.45,13.5,1.7,56.26,5.56,18.71942133815552,0.1768447837150127,26.6,27.97
80.96,213.52,12.21,35.38,28.68,36.11,17.86,1.68,44.7,7.14,15.002391423859263,0.240566037735849,56.26,30.44
54.8,195.08,11.19,34.24,27.26,35.44,17.19,1.09,31.23,6.68,9.916677071509648,0.2363765038924274,44.7,28.68
56.26,183.8,12.6,38.33,30.45,36.25,7.21,1.27,40.22,7.86,12.88512585812357,0.2499205087440381,31.23,27.26
88.62,302.42,12.52,38.21,30.41,36.22,14.14,1.07,27.45,5.05,8.76495791889824,0.1607768226679401,40.22,30.45
78.4,310.78,13.03,38.53,31.0,36.08,8.71,0.94,25.68,5.66,8.464720465469263,0.176875,27.45,30.41
59.54,226.73,13.56,41.33,32.85,36.5,13.6,0.95,27.21,2.81,8.716456413890858,0.08301329394387,25.68,31.0
77.34,295.62,13.36,40.23,32.14,36.67,10.99,0.99,18.39,2.89,5.959020130972593,0.0872057936028968,27.21,32.85
71.22,249.28,11.72,36.58,28.92,36.18,14.08,0.84,23.32,5.67,7.272762107503992,0.1895053475935828,18.39,32.14
76.75,237.62,11.81,36.89,29.13,36.29,11.21,0.96,27.1,10.7,8.446846133544472,0.3551277796216395,23.32,28.92
53.32,185.86,14.57,42.62,34.41,37.0,15.61,0.78,27.62,3.58,9.225662540119211,0.1011013837898898,27.1,29.13
58.54,217.88,13.57,41.46,32.98,36.59,11.39,0.68,27.78,3.16,8.878346679227509,0.0929958799293702,27.62,34.41
40.23,113.41,14.07,41.85,33.63,36.69,9.95,0.72,22.82,1.75,7.493054842473746,0.0505342188853595,27.78,32.98
41.02,116.53,16.56,56.12,43.18,31.01,13.44,0.73,19.76,2.18,5.72873949579832,0.0493435943866002,22.82,33.63
35.76,84.58,24.39,69.09,56.14,16.27,11.98,1.01,8.99,1.7,3.1283506919674706,0.0297514875743787,19.76,43.18
45.53,81.86,19.84,54.44,44.69,12.63,18.51,0.85,3.72,8.9,1.3312554112554114,0.1947909827095644,8.99,56.14
43.16,87.16,10.37,26.69,22.38,7.34,47.0,0.77,15.29,2.28,5.726157457565907,0.097519247219846,3.72,44.69
54.31,118.97,14.06,31.53,28.12,22.44,32.27,0.96,20.54,6.12,8.877725176759913,0.2101648351648351,15.29,22.38
61.36,130.22,15.45,36.53,31.78,40.21,44.31,1.32,11.03,2.16,4.540727418065547,0.0658938377059182,20.54,28.12
57.52,129.64,15.36,42.67,27.18,47.52,52.87,1.0,16.27,5.13,5.7226288069613,0.1820440028388928,11.03,31.78
57.92,144.11,15.05,56.27,23.49,37.48,37.59,0.8,29.21,2.13,7.676104417670683,0.0869742752143732,16.27,27.18
69.4,174.13,16.13,57.05,24.71,38.27,52.18,0.8,38.21,5.53,10.617180017226527,0.2150914041229093,29.21,23.49
84.21,214.13,25.84,71.57,34.19,41.44,54.42,1.16,48.42,7.4,17.24090946672179,0.2102870133560671,38.21,24.71
70.92,141.49,19.47,64.18,28.28,39.55,68.38,0.84,13.33,7.67,3.9818211107701744,0.2619535519125683,48.42,34.19
66.78,120.06,19.07,62.24,27.49,39.53,49.33,0.79,17.77,1.59,5.358537318153068,0.0558090558090558,13.33,28.28
90.56,159.74,16.93,47.94,22.59,38.0,43.56,0.86,15.6,4.1,5.3965672251736825,0.1738024586689275,17.77,27.49
68.49,149.15,15.75,38.8,19.28,36.84,38.79,0.76,14.93,5.0,5.908228643216081,0.2465483234714003,15.6,22.59
49.26,80.44,16.08,33.85,18.29,36.8,52.15,0.81,10.14,5.15,4.678657101865136,0.2669777086573354,14.93,19.28
43.2,77.21,15.82,27.97,16.64,36.48,40.76,0.82,9.83,3.64,5.367987573351744,0.2063492063492063,10.14,18.29
48.38,90.33,14.3,25.95,15.16,35.89,61.24,0.86,10.21,11.82,5.417551020408164,0.7314356435643564,9.83,16.64
36.85,62.6,15.81,25.64,16.08,36.0,57.11,0.75,10.46,13.43,6.20768018018018,0.7862997658079626,10.21,15.16
74.68,127.59,15.95,23.91,15.68,36.3,44.65,1.03,11.1,9.82,7.107386591730228,0.5887290167865707,10.46,16.08
79.63,128.33,16.81,27.04,16.99,36.7,20.43,0.99,17.14,7.86,10.275442225392297,0.4369093941078377,11.1,15.68
58.37,94.27,16.68,27.46,17.03,36.63,43.73,0.96,38.79,8.26,22.73426563598032,0.4581253466444814,17.14,16.99
46.02,84.56,17.08,27.64,17.3,36.66,32.96,0.93,45.66,8.81,27.23019553072625,0.4814207650273224,38.79,17.03
45.23,85.89,16.07,26.88,16.58,36.29,42.41,0.98,46.02,7.49,26.525875179340037,0.4260523321956769,45.66,17.3
50.29,91.25,17.37,26.94,17.13,36.75,37.61,0.94,44.96,9.8,27.951152469577668,0.5405405405405406,46.02,16.58
41.03,90.07,12.61,20.18,12.71,35.18,46.89,0.89,43.38,8.8,25.82728045325779,0.6418672501823487,44.96,17.13
54.28,110.89,14.5,23.21,14.48,35.63,43.06,1.03,45.7,3.94,27.37092110698059,0.2545219638242894,43.38,12.71
46.73,120.4,16.33,24.15,15.95,36.31,29.42,1.19,44.09,8.1,28.62782107355865,0.4778761061946903,45.7,14.48
42.34,99.1,17.43,26.66,16.98,36.07,47.49,1.03,43.54,3.79,27.436811279826465,0.210789766407119,44.09,15.95
37.11,119.13,15.63,26.79,16.24,36.13,22.94,0.92,42.51,10.68,23.90900683699172,0.6194895591647333,43.54,16.98
32.99,82.37,17.77,29.71,18.25,36.78,15.15,0.88,44.3,8.24,25.633702377075867,0.4280519480519481,42.51,16.24
34.93,67.42,16.25,26.51,16.55,35.61,17.25,1.02,42.57,10.54,25.1458560523446,0.6005698005698005,44.3,18.25
34.94,92.52,11.68,19.86,12.1,34.19,15.59,0.91,41.53,11.88,23.25361457334612,0.9068702290076336,42.57,16.55
52.77,129.26,11.7,16.73,9.0,32.7,17.08,1.0,42.42,8.86,27.992893401015227,0.8859999999999999,41.53,12.1
52.57,102.91,12.34,15.63,7.34,31.26,14.96,1.06,44.25,7.03,32.8349368610944,0.8429256594724222,42.42,9.0
40.57,83.39,18.09,30.06,18.55,36.92,18.45,0.94,41.98,5.15,24.450038634900192,0.2634271099744245,44.25,7.34
59.32,134.76,16.22,26.21,16.43,36.41,18.5,1.03,41.2,2.75,24.55950018375597,0.1577739529546758,41.98,18.55
57.44,98.64,15.22,25.02,15.55,36.02,22.01,1.11,40.74,7.97,23.830238278247503,0.4815709969788519,41.2,16.43
33.63,58.58,16.52,26.53,16.79,36.74,20.26,0.95,40.53,9.87,24.32094442426444,0.554806070826307,40.74,15.55
28.61,53.06,18.57,29.1,18.62,37.08,18.67,0.92,40.3,4.1,24.86282392026578,0.2089704383282364,40.53,16.79
27.25,49.08,17.96,28.38,17.93,36.89,20.33,0.9,40.33,1.56,24.653737236215115,0.0824088748019017,40.3,18.62
30.38,52.07,18.91,29.41,18.84,37.38,18.65,0.92,40.26,2.44,25.035073988819462,0.1229838709677419,40.33,17.93
34.12,54.89,20.1,32.48,20.28,37.67,17.79,0.92,38.48,2.3,23.101792114695343,0.1080827067669172,40.26,18.84
22.6,41.61,18.51,29.16,18.5,37.28,18.59,0.88,43.62,3.89,26.770762599469496,0.1994871794871795,38.48,20.28
17.6,36.73,19.31,30.93,19.56,37.65,22.37,0.83,46.74,4.62,28.266501722518008,0.2247081712062257,43.62,18.5
20.11,45.81,13.52,22.79,14.02,35.63,22.14,0.84,38.64,5.04,21.95934426229508,0.3355525965379494,46.74,19.56
24.7,49.72,18.23,29.9,18.61,37.36,22.36,0.86,42.42,2.87,25.02642718446602,0.1463539010708822,38.64,14.02
24.71,54.27,17.96,30.36,18.54,36.83,22.19,0.71,27.94,5.92,16.00135204081633,0.3029682702149437,42.42,18.61
30.89,70.27,14.68,24.63,15.07,35.6,20.07,0.91,43.77,5.53,25.0699804916114,0.34411947728687,27.94,18.54
52.25,111.94,14.23,23.14,14.41,35.58,21.01,1.67,40.9,8.1,24.10965202982601,0.5256327060350422,43.77,15.07
51.32,91.61,12.74,21.79,13.25,34.87,25.49,1.25,35.18,5.55,19.666222027204917,0.3894736842105263,40.9,14.41
43.18,66.94,12.79,19.48,12.68,35.06,27.01,1.08,33.27,4.15,20.7775048828125,0.3033625730994152,35.18,13.25
57.15,99.45,12.92,20.81,13.09,34.89,23.58,1.32,33.22,4.5,19.679156350298022,0.319375443577005,33.27,12.68
48.27,91.15,12.63,20.31,12.73,35.02,2.53,1.28,33.36,1.95,19.771787893007986,0.1420247632920611,33.22,13.09
51.33,96.15,13.37,21.43,13.51,35.3,28.61,1.18,37.8,1.86,22.531698617922423,0.1281874569262577,33.36,12.73
47.14,90.33,15.69,24.84,15.74,35.99,36.39,1.15,41.15,2.2,24.986203560371514,0.1314217443249701,37.8,13.51
27.98,64.67,17.72,26.68,17.47,36.96,33.17,0.99,38.23,1.9,24.47382947976878,0.1028695181375203,41.15,15.74
20.7,44.0,17.52,29.51,18.04,36.63,36.11,0.58,6.81,2.04,3.9105604719764,0.1071428571428571,38.23,17.47
26.61,53.65,16.03,21.81,15.16,44.96,18.53,1.16,6.04,1.73,4.244682156948707,0.1070544554455445,6.81,18.04
37.63,56.62,12.34,12.45,10.51,47.89,12.34,1.98,4.66,2.54,4.275420074349443,0.2206776715899218,6.04,15.16
36.03,57.97,11.19,12.36,9.8,41.01,14.63,0.69,20.01,10.12,16.75987275449102,0.9370370370370368,4.66,10.51
26.34,44.72,10.9,11.43,9.34,38.08,11.33,0.55,41.8,12.17,36.65486725663717,1.176982591876209,20.01,9.8
20.11,42.53,11.95,12.29,10.22,44.83,13.17,0.54,42.19,12.77,37.936079759217456,1.138146167557932,41.8,9.34
17.87,33.17,11.47,12.49,9.98,47.46,11.98,0.56,41.66,4.65,35.42180874722016,0.4234972677595628,42.19,10.22
23.59,44.87,13.46,14.85,11.8,54.58,13.18,0.56,41.98,4.38,35.649892744479494,0.3421875,41.66,9.98
21.5,40.98,15.01,14.81,12.71,66.16,12.32,0.4,41.62,4.27,39.51399114484503,0.311451495258935,41.98,11.8
36.62,68.8,13.84,13.91,11.73,57.1,14.03,0.67,41.57,23.28,38.58677397719652,1.828750981932443,41.62,12.71
54.97,97.68,14.13,14.84,12.12,56.43,11.56,0.55,41.84,12.87,37.32318181818183,0.9809451219512196,41.57,11.73
42.23,75.48,15.1,14.62,12.69,60.65,14.65,0.58,40.98,4.51,39.615749039692695,0.3294375456537619,41.84,12.12
30.54,52.22,14.52,29.45,12.65,62.3,17.01,0.49,40.32,1.87,19.22648275862069,0.136996336996337,40.98,12.69
29.4,48.13,16.47,39.92,19.9,51.56,17.51,0.6,46.55,4.83,18.73603372434017,0.2311004784688995,40.32,12.65
41.46,77.77,16.75,29.8,29.43,28.12,18.82,0.58,43.24,15.22,23.51525974025974,0.5001643115346698,46.55,19.9
39.39,78.35,16.79,31.09,30.11,28.03,18.76,0.5,23.82,11.77,12.463004051106262,0.3783349405335904,43.24,29.43
34.78,79.97,17.54,31.09,30.75,28.45,17.75,0.42,31.1,9.34,16.99887815518853,0.2941732283464567,23.82,30.11
40.41,106.91,16.63,30.13,29.43,28.0,19.31,0.44,20.23,15.32,10.807096048827498,0.5034505422280644,31.1,30.75
47.19,110.66,16.74,30.14,29.54,28.05,15.81,0.63,31.36,14.92,16.858265895953753,0.4885396201702685,20.23,29.43
55.23,105.3,17.81,38.02,34.09,29.9,7.21,0.85,9.84,4.74,4.491296770886724,0.1350812197207181,31.36,29.54
45.58,92.06,17.17,43.32,36.9,32.23,7.54,0.68,52.44,5.53,20.31576714801444,0.145910290237467,9.84,34.09
50.25,90.78,17.59,58.14,45.1,33.4,8.73,0.77,24.19,4.03,7.194827527899899,0.0874186550976138,52.44,36.9
50.45,97.31,18.25,61.65,47.43,33.4,7.96,1.43,37.58,9.52,10.947086991221068,0.1965723724963865,24.19,45.1
34.84,73.32,16.73,50.12,40.14,32.93,8.33,0.68,69.8,9.04,22.843388106416278,0.2197374817695673,37.58,47.43
27.64,58.21,17.31,49.44,40.27,33.01,6.12,0.65,85.39,7.72,29.30414155432197,0.1870608189968499,69.8,40.14
29.9,64.55,18.05,51.13,41.68,33.19,7.26,0.6,81.83,2.43,28.33361787838097,0.0569353327085285,85.39,40.27
44.91,96.26,19.45,56.11,45.42,33.66,10.21,0.85,55.21,7.05,18.802915426370163,0.1518741921585523,81.83,41.68
54.35,103.43,21.32,63.24,50.62,34.28,13.01,0.84,61.28,3.36,20.337633872976337,0.0650910499806276,55.21,45.42
73.65,120.12,19.85,55.93,45.75,33.64,11.46,1.13,54.7,7.21,19.072457403829265,0.1542245989304813,61.28,50.62
70.07,99.53,18.75,55.09,44.33,33.42,9.77,1.01,58.78,3.82,19.649224460688178,0.0842709022722259,54.7,45.75
64.95,88.99,17.65,50.25,40.97,33.1,7.59,1.01,41.47,10.78,14.281863414634143,0.2568501310459852,58.78,44.33
42.48,72.99,17.49,49.24,40.31,33.05,7.11,0.77,43.43,7.69,15.119241640127388,0.186153473735173,41.47,40.97
34.52,56.81,17.4,47.03,39.05,32.78,11.13,1.08,42.99,6.63,15.57414116177389,0.1655430711610487,43.43,40.31
22.46,46.34,18.1,49.44,40.91,32.89,9.83,0.76,33.27,2.25,11.938679619349726,0.0536864710093056,42.99,39.05
23.32,46.96,17.72,47.41,39.54,33.2,10.71,0.81,35.28,1.96,12.913893823590168,0.0483473112974839,33.27,40.91
21.68,33.99,18.35,49.53,41.14,33.0,8.92,0.57,36.38,2.83,13.21141895903424,0.067157095396298,35.28,39.54
22.83,36.2,16.34,43.03,36.0,28.64,8.11,1.21,3.65,2.17,1.3545537133772427,0.0586486486486486,36.38,41.14
43.62,89.28,11.43,18.88,19.15,20.36,13.3,1.0,8.8,1.06,5.059557344064387,0.0526054590570719,3.65,36.0
64.52,126.56,11.29,16.06,17.33,18.88,11.14,1.63,20.44,1.24,13.526822977725674,0.0676486633933442,8.8,19.15
88.67,158.47,9.78,18.89,17.9,19.99,12.6,1.66,9.37,2.09,4.607269984917043,0.1105820105820105,20.44,17.33
65.18,110.35,9.38,19.22,17.77,22.47,13.53,2.0,9.28,2.37,4.304965380811079,0.1262653169952051,9.37,17.9
55.62,92.0,9.71,19.43,18.17,24.55,12.97,1.37,20.62,2.79,9.800303475281453,0.1455399061032863,9.28,17.77
32.79,48.38,10.64,18.8,18.53,19.81,14.43,0.97,20.94,3.04,11.252606060606062,0.155657962109575,20.62,18.17
38.08,47.1,10.47,17.14,17.47,19.67,13.02,1.17,21.02,3.73,12.132271223814774,0.2019491066594477,20.94,18.53
33.54,43.71,9.85,18.87,17.97,20.07,13.48,0.95,20.93,6.85,10.375465525918468,0.3610964681075382,21.02,17.47
30.22,52.22,10.47,17.71,17.77,19.45,15.12,0.82,21.03,7.13,11.768257616247997,0.3798614810868407,20.93,17.97
65.46,126.32,9.94,19.64,18.38,20.31,13.57,1.7,28.27,7.7,13.614525193798448,0.3973168214654283,21.03,17.77
50.42,118.34,9.05,18.71,17.23,20.57,14.34,1.23,56.52,8.2,25.951598173515983,0.4498080087767416,28.27,18.38
71.28,163.58,11.37,17.78,18.55,19.7,9.86,1.45,68.27,11.68,41.33279552715654,0.5974424552429667,56.52,17.23
83.53,154.38,10.88,17.63,18.05,19.67,11.29,1.56,75.91,11.09,44.33176596886742,0.5821522309711286,68.27,18.55
103.06,177.99,11.81,17.15,18.46,19.34,14.04,1.46,75.05,7.85,48.8341873278237,0.4033915724563206,75.91,18.05
99.1,163.84,9.71,18.83,17.84,20.47,11.16,2.24,73.55,11.55,36.0146495209279,0.6130573248407644,75.05,18.46
76.28,140.45,8.81,19.39,17.43,20.38,13.62,1.62,83.13,14.64,35.91835703776361,0.7943570265870863,73.55,17.84
43.71,95.53,9.02,20.22,18.06,20.26,15.48,0.77,89.46,12.52,38.026823751178135,0.6568730325288563,83.13,17.43
65.08,133.59,8.91,19.46,17.55,20.55,14.57,1.3,70.92,14.63,30.884516129032257,0.7886792452830189,89.46,18.06
103.84,167.34,9.63,19.85,18.3,20.28,12.51,1.71,48.36,13.12,22.336057553956834,0.6797927461139895,70.92,17.55
32.08,62.43,13.58,39.61,31.62,86.49,15.12,1.05,38.81,8.21,12.97807929081507,0.2516860821581851,48.36,18.3
39.16,71.42,13.1,43.93,33.09,205.12,10.46,1.09,36.9,7.17,10.758735811261962,0.2103256086828981,38.81,31.62
46.0,64.25,13.97,58.14,41.76,236.5,11.65,0.68,33.62,8.82,7.941687521136287,0.206267539756782,36.9,33.09
34.8,41.3,13.03,44.5,33.52,217.7,12.9,0.55,35.38,1.54,10.1318989010989,0.0446118192352259,33.62,41.76
41.33,53.67,13.2,53.7,38.99,218.9,11.77,0.88,35.39,2.21,8.54018281535649,0.0552638159539884,35.38,33.52
67.32,115.71,14.26,79.65,53.42,244.59,12.72,1.95,40.77,4.93,7.208681959082456,0.0905916942300624,35.39,38.99
107.21,191.73,14.25,70.56,48.39,238.24,10.06,1.53,58.79,15.68,11.707064002235883,0.3174731727070257,40.77,53.42
94.98,186.09,13.15,40.53,31.08,248.76,8.87,0.9,67.54,9.93,21.38576932338069,0.3095386533665835,58.79,48.39
116.63,199.06,12.46,27.46,23.58,228.3,11.91,1.05,78.22,10.98,34.24529866479269,0.4467046379170057,67.54,31.08
95.37,202.09,14.21,66.52,45.97,284.71,12.04,1.97,78.33,12.58,16.485031101895736,0.2678305301256121,78.22,23.58
118.35,226.01,17.92,116.63,94.32,345.49,13.25,2.63,49.17,15.99,7.490660545779139,0.1677507343684431,78.33,45.97
111.83,217.52,21.45,207.4,142.88,344.19,17.38,2.87,51.36,17.54,5.286333973128599,0.1219071448429246,49.17,94.32
104.76,211.41,23.57,163.3,126.58,349.08,16.57,3.9,46.54,11.03,6.676493000608642,0.086455557297382,51.36,142.88
111.5,230.22,27.41,133.84,215.62,228.69,13.36,4.78,50.83,12.25,10.332618659151589,0.0565506416766688,46.54,126.58
119.88,231.86,21.17,146.77,101.45,237.42,15.0,3.36,49.3,9.17,7.062874737768153,0.0895070766227427,50.83,215.62
130.91,242.36,21.0,96.69,68.39,151.87,13.71,3.53,32.29,11.69,6.941242706520627,0.1684680789739155,49.3,101.45
135.33,234.24,16.35,48.3,38.89,116.77,14.54,2.09,33.33,16.15,11.053661257606493,0.4048633742792679,32.29,68.39
136.73,220.69,92.75,120.51,109.79,95.53,33.09,2.66,34.2,10.57,26.10525882643404,0.0954057225381352,33.33,38.89
194.48,286.22,27.49,93.87,72.27,48.21,43.14,1.79,30.56,10.3,8.855216612206176,0.1405759519585096,34.2,109.79
156.79,241.68,25.51,93.55,70.51,63.68,30.42,1.93,33.94,10.66,9.15715917503966,0.1490700601314501,30.56,72.27
143.66,213.89,65.41,194.98,164.1,61.58,10.07,2.91,40.61,8.44,13.553934585161752,0.0511205330102967,33.94,70.51
185.53,256.96,92.78,217.81,198.48,98.32,12.82,3.85,38.62,13.13,16.3756848407294,0.0658211349508722,40.61,164.1
219.41,294.75,110.75,137.39,163.13,157.7,13.93,5.22,27.04,17.33,21.639424813931644,0.1055870346676415,38.62,198.48
238.92,315.02,97.92,125.0,147.06,140.21,12.82,4.9,31.59,20.26,24.54994285714286,0.1368364176685127,27.04,163.13
189.38,261.22,107.34,126.01,154.29,161.69,11.95,4.3,29.8,14.83,25.184883080072435,0.0954987442848863,31.59,147.06
247.26,315.62,102.42,130.69,152.79,159.28,10.99,4.87,27.44,11.84,21.34106462145949,0.0769881006567397,29.8,154.29
246.54,320.25,126.7,150.69,183.17,190.52,12.46,5.89,33.64,15.77,28.098015689893863,0.0856274094586523,27.44,152.79
259.79,324.99,55.22,84.05,89.59,114.59,9.09,2.71,24.94,12.4,16.192672545561436,0.1368804503808367,33.64,183.17
415.06,485.9,65.44,96.21,104.38,111.22,13.6,4.18,28.73,16.2,19.340512292973976,0.1537293604099449,24.94,89.59
299.73,359.99,106.49,112.24,146.28,191.83,7.24,5.24,15.73,17.55,14.79236753797245,0.1191607821835958,28.73,104.38
179.23,224.58,53.26,55.92,73.05,101.75,7.54,2.56,15.95,12.96,14.924402670414617,0.175016880486158,15.73,146.28
160.88,209.61,50.11,58.46,71.83,105.23,8.29,2.62,16.06,17.79,13.534587958291286,0.2442674721955238,15.95,73.05
169.42,237.71,75.34,72.48,99.14,145.61,2.13,3.47,16.35,7.61,16.763867719107242,0.0759936089474735,16.06,71.83
204.48,279.43,78.73,91.47,111.9,132.53,7.13,2.84,19.01,4.72,16.185328214556076,0.0418069087688219,16.35,99.14
98.72,138.13,139.22,187.09,173.78,54.81,13.18,3.25,20.6,8.79,15.247658036046577,0.0502917953999313,19.01,111.9
134.36,182.82,122.9,182.0,174.37,97.15,8.57,2.6,23.57,13.45,15.82925136612022,0.0766949877402064,20.6,173.78
149.99,190.16,67.83,123.25,120.71,71.85,9.47,1.64,27.4,10.27,14.958084507042251,0.0843809054309424,23.57,174.37
159.63,189.22,58.67,120.14,111.6,61.8,10.4,1.52,30.55,11.32,14.795843651972923,0.1005328596802842,27.4,120.71
126.39,155.22,78.68,130.89,132.49,58.2,9.69,1.74,26.13,17.18,15.588053681097888,0.1286987789347516,30.55,111.6
112.1,140.54,102.99,165.2,171.6,88.42,4.53,2.3,10.92,16.39,6.766851985559566,0.0949594438006952,26.13,132.49
74.26,92.87,123.4,160.12,172.88,116.49,8.93,2.09,15.06,10.21,11.534285004965245,0.0587186565447435,10.92,171.6
106.55,134.04,40.23,57.68,63.39,42.72,8.03,0.74,15.53,15.59,10.647101226993865,0.2421183413573536,15.06,172.88
160.48,212.28,42.78,65.26,69.49,46.42,6.91,0.98,18.18,10.1,11.737706006640506,0.1432827351397361,15.53,63.39
175.34,238.57,69.61,116.52,118.57,39.29,7.92,1.68,18.1,19.23,10.72107726344452,0.1608262942209584,18.18,69.49
162.6,247.86,114.69,197.87,198.49,58.85,9.23,2.63,14.3,26.93,8.246930155377886,0.134994235300015,18.1,118.57
185.91,257.04,72.39,125.65,125.68,50.63,8.03,1.58,18.08,19.59,10.334079747335174,0.1546416166719292,14.3,198.49
171.96,235.67,57.49,98.55,99.15,43.5,9.46,1.37,18.2,15.11,10.51047714716223,0.1508736894658013,18.08,125.68
85.93,142.27,45.69,77.57,78.41,40.36,9.76,1.02,18.68,10.43,10.86278732340588,0.1313436594887294,18.2,99.15
71.11,124.66,53.32,88.65,90.82,38.56,6.8,1.13,18.02,13.11,10.717528165086447,0.1427793509039425,18.68,78.41
88.48,152.38,65.45,108.63,110.99,39.56,8.09,1.45,19.1,7.91,11.402855057922103,0.0706313063666398,18.02,90.82
112.12,186.5,107.04,188.41,187.24,55.85,8.63,2.58,17.59,14.63,9.940518452035269,0.0777199320016999,19.1,110.99
203.82,292.88,87.04,153.03,151.49,50.22,9.18,2.23,17.21,20.05,9.72510809582549,0.1314840317397862,17.59,187.24
153.23,233.63,100.26,173.37,173.72,57.14,8.9,2.44,17.74,18.68,10.200220221368356,0.1069139194139194,17.21,151.49
154.68,251.98,164.36,248.52,245.44,64.8,7.1,3.72,6.5,26.76,4.2815806348188525,0.1085862684629118,17.74,173.72
182.16,287.0,157.12,272.12,269.95,82.08,11.38,4.25,12.46,22.93,7.16796719390744,0.0846281601771544,6.5,245.44
194.45,284.43,93.86,169.3,166.36,70.38,10.86,2.39,15.68,15.16,8.641954198473282,0.0905831739961759,12.46,269.95
236.85,328.07,86.94,156.98,154.18,60.52,10.46,2.47,17.0,18.71,9.355488036460311,0.1205696610387936,15.68,166.36
219.37,305.64,111.09,200.53,193.75,59.21,9.43,2.96,15.45,10.99,8.51655088572421,0.0564313222079589,17.0,154.18
292.32,385.64,139.53,247.61,245.15,65.98,10.67,3.62,13.35,11.67,7.492560637142512,0.0474101157830591,15.45,193.75
274.31,360.53,94.03,165.64,164.55,70.45,10.05,2.13,17.17,15.11,9.688520763322131,0.0912715191784959,13.35,245.15
218.28,299.76,83.07,146.25,145.33,54.77,12.14,1.83,14.68,15.68,8.281613582342954,0.1071550604797375,17.17,164.55
214.08,289.35,44.25,87.67,82.6,58.75,10.53,0.55,16.9,11.66,8.43379948122251,0.1394736842105263,14.68,145.33
147.24,202.0,34.45,60.89,60.4,48.68,9.89,0.25,19.17,7.82,10.670649539505575,0.1273615635179153,16.9,82.6
99.06,168.56,52.35,92.96,92.02,45.69,11.79,0.74,17.48,10.44,9.739016602809707,0.1122339281874865,19.17,60.4
122.27,203.65,100.4,156.05,150.24,55.87,13.1,1.9,13.6,15.77,8.6943011779688,0.1042713567839195,17.48,92.02
168.41,261.55,127.09,216.38,218.42,79.66,11.21,2.07,10.93,29.73,6.390163308492041,0.1354935739677331,13.6,150.24
115.77,178.15,59.95,100.23,102.04,49.69,11.66,0.29,11.14,13.36,6.5972834140077055,0.1296583850931676,10.93,218.42
84.87,134.54,48.31,83.33,83.59,51.8,9.38,0.2,12.72,8.43,7.28688722874422,0.0996571698782362,11.14,102.04
61.96,107.65,37.48,58.85,61.68,41.4,9.6,0.91,19.3,7.32,12.08628237259816,0.1167836630504148,12.72,83.59
74.33,113.72,36.59,55.54,59.29,43.47,6.71,0.79,25.91,12.79,16.767720198089847,0.212141316967988,19.3,61.68
55.45,104.24,43.14,77.43,76.25,37.38,8.37,1.07,22.2,15.91,12.210990692337116,0.2059546925566343,25.91,59.29
88.46,145.64,65.02,117.4,115.31,35.15,9.66,1.9,22.27,14.09,12.229690878378376,0.1211417762875075,22.2,76.25
162.54,222.73,103.62,129.44,148.93,65.11,7.87,2.64,18.87,16.47,14.990105795768171,0.1098512639231641,22.27,115.31
294.72,365.82,202.65,96.53,217.08,113.62,8.58,2.88,22.23,20.02,46.18998769609352,0.0918011738811445,18.87,148.93
240.16,315.48,230.85,96.08,254.9,123.23,7.18,2.95,17.56,16.16,41.75655129789864,0.0631496678389996,22.23,217.08
207.1,274.41,189.33,86.53,209.44,98.53,8.29,2.66,17.7,17.39,38.28562778475951,0.0826363809161756,17.56,254.9
162.12,218.78,139.75,56.75,143.8,103.84,7.11,1.45,11.73,11.05,28.385584415584415,0.0763121546961325,17.7,209.44
146.57,211.85,163.5,69.56,169.8,105.07,9.23,0.92,12.23,15.91,28.3390731292517,0.0931498829039812,11.73,143.8
182.59,219.12,156.29,71.52,165.11,89.46,8.22,0.45,14.43,13.92,31.098520408163264,0.0837998916380711,12.23,169.8
163.03,182.81,130.69,55.16,135.59,81.25,10.13,0.5,13.93,13.13,32.41651887464388,0.0961270956878248,14.43,165.11
156.05,173.28,83.2,35.23,86.37,76.11,8.04,0.5,13.41,8.08,30.79525255313277,0.0924802563809087,13.93,135.59
168.56,181.22,115.87,51.99,121.85,81.21,7.87,1.63,9.11,10.16,19.920281185129262,0.0827024827024827,13.41,86.37
165.81,175.43,82.29,52.88,95.03,86.22,8.58,1.64,12.82,2.86,19.57976614699332,0.0297823596792668,9.11,121.85
129.53,134.78,85.27,45.46,93.51,72.93,8.78,1.42,22.08,0.21,40.52435643564356,0.002221987091313,12.82,95.03
173.49,180.08,127.12,73.61,142.51,78.23,9.14,1.91,21.5,3.23,36.63155073046509,0.0225071423594174,22.08,93.51
202.05,207.68,202.56,67.89,203.46,94.33,8.52,2.74,11.68,14.49,34.343167368268254,0.0708696077472366,21.5,142.51
127.56,132.05,100.26,25.57,95.12,118.22,8.07,1.21,16.59,11.96,62.60118178396688,0.1244277985851019,11.68,203.46
138.70486111111111,167.26388888888889,142.8318181818182,47.21180555555555,152.01050724637682,95.22992424242425,8.306746031746032,2.007743055555556,22.58888888888889,11.283611111111112,66.92161875143223,0.0737440278721662,16.59,95.12
292.0833333333333,361.4201388888889,139.2732638888889,52.088888888888896,140.93923611111111,118.36284722222224,8.17361111111111,1.6175,10.688888888888888,11.73003472222222,28.04120549625598,0.0826412417285369,22.58888888888889,152.01050724637682
284.09027777777777,366.84027777777777,103.06111111111112,36.831944444444446,103.38645833333334,106.46979166666668,9.490625,1.0386111111111112,12.286805555555556,9.743958333333332,33.471497464827806,0.0933450419614613,10.688888888888888,140.93923611111111
222.8333333333333,286.87152777777777,89.38263888888889,33.78819444444444,90.64131944444443,97.46493055555555,7.804513888888889,0.2894736842105263,14.43888888888889,10.351527777777775,37.098389615286514,0.1129569918954862,12.286805555555556,103.38645833333334
268.9375,352.9861111111111,145.78680555555556,55.975,148.29479166666667,91.31527777777778,9.584027777777775,2.499772727272727,11.185416666666669,12.381631944444443,28.621082310508186,0.0829341185062178,14.43888888888889,90.64131944444443
311.60069444444446,441.6319444444444,105.18055555555556,55.625347222222224,115.09861111111113,102.37013888888887,10.09548611111111,1.5316319444444444,11.5,12.080104166666668,21.36104144566197,0.1040503762366761,11.185416666666669,148.29479166666667
290.5104166666667,413.4618055555556,124.76423611111112,57.13263888888889,131.82395833333334,85.06770833333333,12.260763888888889,1.959618055555556,11.775,15.849652777777775,25.271498220066658,0.1193282671037531,11.5,115.09861111111113
325.3659420289855,436.9756944444444,145.23159722222223,57.88923611111111,148.87013888888887,91.06770833333331,11.15972222222222,2.4357291666666665,12.973263888888887,16.18583333333333,31.994434979828476,0.107999054737203,11.775,131.82395833333334
479.8452380952381,618.5416666666666,195.2086805555556,86.8767361111111,205.7850694444444,116.8732638888889,10.14826388888889,3.5260416666666665,8.482986111111112,21.050520833333334,18.844037673717445,0.1017990365063027,12.973263888888887,148.87013888888887
332.74652777777777,410.8333333333333,156.13506944444444,49.29027777777778,153.15833333333333,109.403125,8.659374999999999,2.393923611111111,15.468055555555557,17.07434027777778,48.023316534639946,0.1107584644215002,8.482986111111112,205.7850694444444
278.0416666666667,338.05555555555554,116.18055555555556,47.60798611111111,119.77569444444444,96.27847222222222,9.087152777777778,1.509548611111111,16.679861111111112,9.779201388888888,39.86743096183167,0.0809699454337413,15.468055555555557,153.15833333333333
313.51736111111114,385.4375,139.38750000000002,44.21875,136.83888888888887,95.32361111111112,7.5256944444444445,1.9894444444444448,16.577083333333334,11.138506944444444,51.0991171389081,0.0808081596872355,16.679861111111112,119.77569444444444
334.06944444444446,402.3194444444444,125.31631944444445,42.36736111111111,124.41145833333331,115.175,8.943402777777779,2.092326388888889,16.836458333333333,13.348125,48.651403653714766,0.1064346526018522,16.577083333333334,136.83888888888887
224.97569444444449,280.3125,79.15590277777778,19.702430555555555,74.81631944444445,113.55069444444445,7.58125,0.9814583333333332,38.69826388888889,8.518993055555557,147.96311021730057,0.1123635797408759,16.836458333333333,124.41145833333331
103.34782608695652,158.8586956521739,69.4452380952381,20.289285714285715,67.06011904761905,85.30119047619048,15.814930555555556,0.9549305555555556,46.81597222222222,9.086309523809524,152.7127955942018,0.13350416735904,38.69826388888889,74.81631944444445
179.56944444444446,250.23263888888889,166.70064102564103,125.20833333333331,201.9788461538461,151.61025641025643,10.001388888888888,1.5591666666666668,38.875347222222224,10.78653846153846,51.34799843147299,0.0531411950847473,46.81597222222222,67.06011904761905
176.30208333333334,245.72916666666663,182.84772727272727,167.43541666666667,206.87896825396828,161.77812500000002,7.177430555555556,1.7813541666666666,35.69895833333333,13.587152777777776,38.75356814161978,0.065360882305218,38.875347222222224,201.9788461538461
232.4652777777778,330.82986111111114,213.76323529411764,230.8628787878788,245.43072916666668,193.14270833333333,9.280208333333333,2.807118055555556,33.19548611111112,18.053159722222222,30.604185307143787,0.0732585574180258,35.69895833333333,206.87896825396828
228.7651515151515,338.46212121212125,206.4815217391304,213.234375,258.63901515151514,225.5704861111111,9.525,1.942048611111111,34.57638888888889,15.55347222222222,33.325115981138595,0.0599042182206161,33.19548611111112,245.43072916666668
108.5173611111111,163.75,128.53576388888888,76.32638888888889,141.54375000000002,190.07083333333333,8.626041666666667,0.8800694444444445,37.08506944444444,6.521493055555556,61.64464419466896,0.0457508172442183,34.57638888888889,258.63901515151514
255.72569444444449,353.0555555555556,238.3743055555556,167.8795138888889,279.2604166666667,217.28125,8.921212121212122,1.915868055555556,23.15451388888889,13.889673913043476,32.682715870272865,0.0495598846181815,37.08506944444444,141.54375000000002
283.4583333333333,377.8055555555556,221.8199275362319,176.61249999999998,255.22234848484848,240.79826388888887,9.364236111111111,1.9460069444444443,27.681944444444444,13.59576388888889,34.57192996398713,0.0530623654387933,23.15451388888889,279.2604166666667
202.29861111111111,307.5729166666667,237.7145833333333,201.75289855072464,270.74916666666667,210.24202898550723,9.78125,2.637395833333333,29.882986111111112,13.081284722222222,35.03585715881336,0.0481373499049879,27.681944444444444,255.22234848484848
143.53472222222223,196.85069444444449,275.39270833333336,156.8423611111111,299.74409722222225,224.2868055555556,7.740972222222222,1.2436458333333331,14.954513888888888,7.76638888888889,26.09162744828995,0.0258239112940934,29.882986111111112,270.74916666666667
178.61111111111111,233.81944444444449,222.5598484848485,126.00277777777778,228.5857142857143,244.1954861111111,5.723611111111111,1.4016319444444445,14.814236111111112,12.861840277777778,25.96048843968325,0.056021953795311,14.954513888888888,299.74409722222225
189.2465277777778,235.4895833333333,127.92395833333336,39.567708333333336,124.27430555555556,249.22465277777772,6.961458333333333,0.8134375,23.565972222222225,8.291145833333333,74.31162795466543,0.0661839297098034,14.814236111111112,228.5857142857143
67.04347826086956,125.97916666666669,120.65069444444444,72.86493055555555,136.65694444444446,186.7045138888889,6.79375,0.8123611111111111,58.01701388888889,7.464861111111111,94.76476810633044,0.0542280023811205,23.565972222222225,124.27430555555556
130.12152777777777,207.5590277777778,153.4532608695652,103.93125,156.30151515151513,147.49583333333334,7.547569444444445,1.5083680555555556,55.074305555555554,13.620555555555557,80.54160965038356,0.0865888389087418,58.01701388888889,136.65694444444446
256.06597222222223,328.37152777777777,252.11052631578949,229.7732638888889,293.73991228070173,234.93923611111111,5.638888888888889,2.679756944444444,13.13715277777778,15.762361111111112,14.351812013592433,0.0534788824124351,55.074305555555554,156.30151515151513
119.53623188405798,148.36111111111111,221.74965277777773,125.49513888888887,246.40798611111111,171.96493055555558,5.781597222222222,1.4250694444444445,15.645486111111111,7.042256944444444,27.42699160736823,0.0284641456209168,13.13715277777778,293.73991228070173
122.9236111111111,159.71875,165.86319444444445,68.22743055555556,169.96145833333333,218.3180555555556,6.269565217391304,1.0005555555555556,24.845138888888886,9.824270833333332,59.52689662835249,0.0574648282081122,15.645486111111111,246.40798611111111
65.96527777777779,119.37847222222224,125.12395833333332,55.109375,129.66875000000002,199.4118055555556,5.412152777777777,0.7381597222222221,41.20486111111111,8.490208333333333,91.8868785260476,0.0649750482294606,24.845138888888886,169.96145833333333
78.4375,148.83680555555557,121.3,69.70972222222223,135.42256944444446,172.60972222222222,7.211458333333333,0.8660069444444445,43.01145833333334,9.299340277777778,73.78461874643986,0.0681657024614593,41.20486111111111,129.66875000000002
111.6388888888889,210.79513888888889,168.57765151515153,128.6138888888889,158.4,175.85763888888889,7.20625,1.525590277777778,38.843402777777776,13.487152777777778,50.52027736586357,0.0846119998605883,43.01145833333334,135.42256944444446
137.05555555555557,230.8020833333333,151.3111111111111,108.94479166666667,180.7711805555556,210.12777777777777,7.582986111111111,1.1007291666666668,40.63159722222222,10.967534722222224,55.91908473985083,0.0603370385156857,38.843402777777776,158.4
111.38541666666669,199.51041666666663,137.96083333333334,130.08645833333333,148.2775,184.159375,8.52361111111111,1.310138888888889,41.547222222222224,7.839930555555555,43.72602230115656,0.0525191710442334,40.63159722222222,180.7711805555556
276.47569444444446,389.3854166666667,314.90705128205127,322.8572463768116,323.1383333333333,227.3427536231884,10.805902777777776,3.3666319444444444,22.356944444444448,13.581180555555555,21.73908266509838,0.0418993348176104,41.547222222222224,148.2775
229.5659722222222,310.92361111111114,174.81363636363636,100.1731884057971,188.4628787878788,203.39927536231883,7.272826086956522,1.27963768115942,20.047101449275363,11.266439393939397,34.638689934751,0.0594651546836951,22.356944444444448,323.1383333333333
114.11805555555556,195.70486111111111,94.62708333333336,82.87673611111111,121.01666666666668,90.67986111111112,10.830902777777778,1.0996527777777778,26.84756944444445,10.31375,30.288579514485416,0.0845273869689933,20.047101449275363,188.4628787878788
184.23484848484847,263.28030303030306,131.0575,119.81,170.01458333333332,73.53125,21.942753623188405,1.5756884057971017,16.2375,10.070416666666668,17.614817947603676,0.0588863035559833,26.84756944444445,121.01666666666668
179.05797101449275,269.64130434782606,43.24875,106.77125,91.96416666666669,39.405,11.207291666666668,2.004270833333333,14.41423611111111,8.871909722222222,5.784452662564615,0.095433649763499,16.2375,170.01458333333332
178.88541666666666,287.32638888888886,40.74548611111111,92.34375,82.2454861111111,57.83680555555555,9.771527777777775,1.7526388888888889,27.35972222222222,12.690590277777778,11.942794046836704,0.1524477887105991,14.41423611111111,91.96416666666669
40.15686274509804,98.45833333333331,18.525,31.762847222222224,31.95277777777778,36.501041666666666,9.262152777777777,0.5817708333333333,36.54340277777778,6.581458333333334,20.662628368854456,0.199723931551884,27.35972222222222,82.2454861111111
47.68055555555555,122.28819444444444,15.734027777777778,25.397569444444443,26.298263888888886,28.869791666666668,9.84201388888889,0.5592013888888888,46.13784722222223,7.076527777777778,27.500038264094417,0.2592299571350437,36.54340277777778,31.95277777777778
60.18181818181818,128.08712121212122,16.472916666666666,36.02395833333333,32.54861111111111,29.57048611111111,10.81875,0.79875,35.15868055555556,8.305451388888889,15.643006338957196,0.2475646864003312,46.13784722222223,26.298263888888886
89.81944444444444,175.40625,18.653472222222224,47.540625,40.45625,34.36805555555556,10.982291666666669,1.1152777777777778,26.135416666666668,12.108368055555554,10.043469131431053,0.2920758162051694,35.15868055555556,32.54861111111111
224.82638888888889,340.26388888888886,58.1064393939394,139.2128787878788,121.29469696969696,60.216287878787874,8.667028985507246,3.0354513888888888,27.15579710144928,15.967579365079365,11.253792747930422,0.1305664085257591,26.135416666666668,40.45625
192.95,162.99537037037035,97.62638888888888,208.38506944444444,190.21215277777776,120.90208333333334,8.611458333333333,4.095243055555556,25.81527777777778,19.06923611111112,12.036447270547704,0.0997281597120708,27.15579710144928,121.29469696969696
216.10763888888889,312.19097222222223,78.26979166666666,163.13125,150.60104166666665,112.46979166666668,6.981249999999999,3.224479166666667,28.72326388888889,18.463993055555555,13.697354285488128,0.1217933125825964,25.81527777777778,190.21215277777776
271.76736111111114,382.1979166666667,79.34513888888888,167.59062500000002,153.65208333333334,108.509375,7.249652777777778,2.917048611111112,22.764930555555555,15.418541666666668,10.714039269541033,0.0996982474101814,28.72326388888889,150.60104166666665
279.16319444444446,413.0486111111111,74.78368055555556,152.2486111111111,141.78159722222222,105.0295138888889,11.599305555555556,2.522013888888889,20.497916666666665,12.829097222222222,10.002763750615529,0.0898511956149033,22.764930555555555,153.65208333333334
246.675,375.2934782608696,38.70590277777777,69.32395833333334,68.34583333333333,85.76319444444444,6.867857142857143,1.343020833333333,31.490277777777777,12.298819444444446,17.332068031986005,0.1773548438783072,20.497916666666665,141.78159722222222
298.625,454.3541666666667,45.71284722222222,83.73125,81.70243055555555,85.27777777777779,4.045175438596491,1.7577430555555555,25.87361111111112,15.285034722222225,13.958916359777696,0.1848196554749919,31.490277777777777,68.34583333333333
76.7159090909091,196.9583333333333,38.24791666666667,66.575,66.5125,82.628125,3.053030303030303,0.9663194444444444,25.381944444444443,12.065729166666666,14.366355840903797,0.1787184472011355,25.87361111111112,81.70243055555555
80.16287878787878,213.2840909090909,41.33020833333333,79.74201388888889,76.01909722222221,73.21493055555555,4.3812500000000005,1.2706597222222222,31.64340277777778,13.010520833333333,16.197619630603587,0.1689259067240718,25.381944444444443,66.5125
119.95138888888889,231.66666666666663,63.71736111111111,125.27256944444444,117.725,81.71875,8.297569444444443,2.108576388888889,33.15277777777778,13.552569444444444,16.728950102123903,0.114150932360029,31.64340277777778,76.01909722222221
156.62847222222223,279.22222222222223,79.33090277777778,159.8795138888889,149.52916666666667,110.10625,10.00763888888889,2.200289855072464,30.834375,15.738437499999998,15.204663081142504,0.1045540731308993,33.15277777777778,117.725
118.05208333333331,232.51388888888889,59.925694444444446,111.78333333333336,108.18194444444444,82.58854166666667,7.200694444444444,1.1534583333333337,32.125347222222224,13.04309027777778,17.06931055026367,0.1194619709709837,30.834375,149.52916666666667
85.88194444444444,196.79861111111111,80.35942028985507,127.0373188405797,132.9018115942029,97.7659420289855,7.746296296296297,1.0219907407407407,15.996739130434785,14.59344696969697,10.039953153426712,0.1089861802163158,32.125347222222224,108.18194444444444
68.24652777777779,181.9097222222222,75.01041666666667,117.14583333333331,123.25416666666666,100.48194444444444,9.06304347826087,1.635173611111111,17.431250000000002,26.864791666666665,11.067045604831604,0.216208376647329,15.996739130434785,132.9018115942029
90.81944444444444,189.4340277777778,70.88958333333333,107.44375,114.80868055555555,123.59305555555557,14.182986111111113,1.3688888888888888,23.096875,29.46666666666667,15.098406732080765,0.2544426421690468,17.431250000000002,123.25416666666666
56.98611111111112,126.57291666666669,50.046527777777776,56.426736111111104,70.70277777777777,91.41458333333333,6.847222222222222,0.7620833333333333,20.79722222222222,21.827118055555555,18.124463100797374,0.3044110525704103,23.096875,114.80868055555555
50.052083333333336,119.60069444444444,46.10694444444445,48.54548611111111,63.354513888888896,84.49722222222222,9.238888888888887,0.7519097222222223,20.68923611111111,24.12940972222222,19.253367659643725,0.3749451011918571,20.79722222222222,70.70277777777777
52.708333333333336,110.41666666666669,49.53888888888889,49.36145833333333,66.52916666666667,84.83819444444445,8.283680555555556,0.6884375,23.71770833333333,18.34243055555556,23.330319587794715,0.2716223442545402,20.68923611111111,63.354513888888896
63.44097222222222,116.37152777777776,48.45104166666667,54.51979166666666,68.37569444444445,79.53472222222221,9.606597222222222,0.8005555555555555,27.46840277777778,18.20434027777777,23.971140516759757,0.2624022782554728,23.71770833333333,66.52916666666667
93.7644927536232,165.2608695652174,73.26388888888889,110.56388888888888,118.36631944444444,78.99826388888889,10.739930555555556,1.281590909090909,27.29340277777777,24.928541666666664,17.923548994444854,0.2088406661333721,27.46840277777778,68.37569444444445
129.43055555555554,194.3680555555556,88.734375,108.39528985507246,121.60253623188405,113.39409722222224,11.625694444444443,1.4303508771929825,33.259375,26.71,26.97785121667906,0.2178584621567868,27.29340277777777,118.36631944444444
59.09375,115.03472222222224,58.83611111111111,69.90243055555555,85.16006944444445,65.48159722222222,8.487499999999999,0.8781944444444445,33.729166666666664,16.20510416666667,27.989068669941247,0.1880813730902995,33.259375,121.60253623188405
91.06597222222224,163.50347222222223,62.01145833333334,78.93055555555556,92.39583333333331,77.32326388888889,11.557638888888889,1.1186363636363637,24.601041666666664,30.95690972222222,19.085898498588183,0.3314592162986096,33.729166666666664,85.16006944444445
86.36805555555556,152.75694444444443,84.17256944444445,129.13472222222222,137.1027777777778,82.69673913043479,13.190625,1.7264236111111109,27.893055555555552,33.54277777777778,18.04153507746009,0.2428827161735422,24.601041666666664,92.39583333333331
102.0625,201.2118055555556,108.52708333333334,188.7586805555556,188.63159722222224,109.51944444444445,14.01701388888889,2.268125,35.81423611111111,35.286770833333335,20.482934301455,0.1860806497979452,27.893055555555552,137.1027777777778
91.73958333333331,188.9965277777778,96.01076388888887,147.01215277777777,155.77430555555557,89.59618055555556,13.74201388888889,1.8184027777777776,27.88576388888889,26.74975694444445,18.088605849933856,0.1706258997585878,35.81423611111111,188.63159722222224
96.76041666666669,205.72916666666663,67.06076388888889,83.41493055555556,99.27638888888887,75.02777777777779,12.614583333333334,1.4187152777777776,28.66527777777777,24.00524305555556,22.77222065117788,0.2393907810357485,27.88576388888889,155.77430555555557
100.1875,212.19791666666663,117.734375,198.56875,201.2020833333333,94.81597222222224,15.395833333333334,2.4960416666666667,26.291319444444444,31.897951388888888,15.510404623554608,0.1577528325279646,28.66527777777777,99.27638888888887
103.21969696969698,184.064393939394,71.72395833333333,106.90868055555556,115.17916666666667,76.69479166666667,14.947916666666666,1.4070833333333337,15.126041666666666,18.722604166666667,10.05386755414654,0.161152852992863,26.291319444444444,201.2020833333333
99.97826086956522,200.7971014492753,75.3159420289855,113.13514492753625,121.3981884057971,71.21376811594202,12.86195652173913,1.4031884057971014,15.605434782608697,10.385797101449276,10.297774819231062,0.0848525393775957,15.126041666666666,115.17916666666667
73.85069444444444,137.5,62.93020833333333,74.41388888888889,90.26111111111112,71.4888888888889,9.991666666666667,1.2304861111111112,6.139236111111111,8.049999999999999,5.1229742050428495,0.0882084373287879,15.605434782608697,121.3981884057971
84.12847222222221,189.7222222222222,71.6673611111111,96.86840277777776,109.23368055555557,80.96041666666666,10.115277777777775,1.3800347222222225,10.252083333333331,10.441527777777775,7.507425660757134,0.0947217558658531,6.139236111111111,90.26111111111112
46.95486111111112,119.97222222222224,63.77826086956522,85.63514492753623,97.39565217391304,85.20471014492753,8.040217391304349,1.1547222222222222,7.303409090909091,6.165652173913044,5.376556253547676,0.0626618355353276,10.252083333333331,109.23368055555557
44.0,72.80902777777779,46.698263888888896,55.55,67.51319444444444,66.1204861111111,4.877430555555556,0.9411805555555556,14.96875,4.977916666666666,12.361001548838296,0.0726563212682066,7.303409090909091,97.39565217391304
94.32291666666669,166.05902777777777,60.09930555555555,90.77743055555555,97.14965277777776,83.26354166666667,9.035763888888887,1.3114583333333334,19.81493055555556,9.153368055555555,12.97556010025344,0.0932593014493881,14.96875,67.51319444444444
56.79861111111112,114.8159722222222,55.00277777777777,67.15868055555556,80.45555555555556,83.79756944444445,8.571180555555555,1.100659722222222,22.23298611111112,6.915277777777778,17.94160310085681,0.0848963306506615,19.81493055555556,97.14965277777776
84.60416666666667,173.95486111111111,91.51076388888887,134.1017361111111,145.72569444444443,115.90902777777778,7.982638888888889,1.7325694444444444,6.579861111111111,10.461458333333333,4.45684958530337,0.0712994296802896,22.23298611111112,80.45555555555556
36.875,81.76736111111111,63.66840277777777,75.05208333333333,91.68506944444444,80.86909722222222,6.864930555555556,1.2004861111111111,14.860416666666666,4.704409722222223,12.440671607009694,0.0507569315146497,6.579861111111111,145.72569444444443
59.270833333333336,141.79513888888889,52.51770833333333,40.78472222222222,64.37083333333334,98.14305555555556,7.194791666666667,0.6472916666666667,29.3,5.902013888888889,36.826111849759016,0.0902851254594514,14.860416666666666,91.68506944444444
53.802083333333336,101.9548611111111,48.36284722222222,32.135416666666664,56.19097222222222,87.06527777777778,9.904861111111112,0.7090972222222223,30.55208333333333,4.323819444444444,44.592339170945536,0.0756031813490376,29.3,64.37083333333334
60.29166666666666,122.36458333333331,56.640277777777776,73.8704861111111,85.27534722222222,76.64826388888889,7.773913043478261,1.1294444444444445,26.04479166666667,6.603437500000001,19.7031475456846,0.0765391008278565,30.55208333333333,56.19097222222222
85.4861111111111,155.57291666666666,68.93819444444445,128.67256944444446,124.50138888888888,74.296875,11.691319444444444,1.666388888888889,26.72326388888889,9.254097222222224,14.206964279763875,0.0737370104359181,26.04479166666667,85.27534722222222
62.61805555555555,109.27083333333331,49.09652777777777,82.21041666666666,83.64270833333333,63.58611111111111,7.11388888888889,1.1306597222222223,27.430208333333336,7.036666666666666,16.184608121632188,0.0831337607836863,26.72326388888889,124.50138888888888
29.753472222222225,63.38541666666666,42.87708333333333,50.37743055555556,61.64826388888889,72.45520833333333,6.767361111111111,0.6928472222222223,14.513888888888888,3.687777777777778,12.112579719351835,0.0588648040481746,27.430208333333336,83.64270833333333
41.79166666666666,77.28819444444444,51.46284722222222,80.4173611111111,84.61111111111111,77.09618055555556,6.2375,1.0206944444444443,16.845833333333335,4.144583333333333,10.648030534682125,0.0484117456197274,14.513888888888888,61.64826388888889
52.61111111111112,100.13541666666669,67.12152777777777,97.54895833333332,106.45833333333331,95.79618055555557,5.559027777777778,1.2817708333333333,17.773263888888888,6.611562500000001,12.105339782331509,0.0615267545560294,16.845833333333335,84.61111111111111
70.29166666666667,133.17361111111111,70.64166666666667,112.95729166666666,117.48819444444445,87.55173611111111,9.60625,1.4444444444444444,19.59270833333333,6.6620833333333325,12.145441076548536,0.0562257140010432,17.773263888888888,106.45833333333331
35.81597222222222,69.14583333333333,41.090625,53.562152777777776,61.89513888888889,75.34895833333333,6.944791666666667,0.7798958333333333,20.315277777777776,6.0328125,15.29938645084925,0.0959185814130662,19.59270833333333,117.48819444444445
37.68402777777778,73.29861111111111,51.73576388888889,78.41493055555556,83.73680555555556,80.98854166666666,10.782291666666666,1.059097222222222,21.578125,6.819270833333333,14.057316078416369,0.0804759016890535,20.315277777777776,61.89513888888889
30.972222222222225,76.95138888888889,36.50208333333333,53.84444444444444,58.29930555555556,64.70694444444445,8.00798611111111,0.6961805555555555,25.714583333333334,4.938125,17.114511291404984,0.0832745839725497,21.578125,83.73680555555556
38.16319444444444,85.45833333333333,37.66701388888889,61.45104166666667,63.30520833333333,49.49340277777778,14.131597222222224,0.8816666666666667,24.540625,6.7385069444444445,14.801547549052312,0.104789442707574,25.714583333333334,58.29930555555556
45.94444444444445,92.84722222222224,46.55833333333334,86.00138888888888,83.30243055555556,45.54444444444445,10.344791666666667,1.219652777777778,28.71388888888889,8.351909722222222,15.366085843670016,0.0990708057547438,24.540625,63.30520833333333
73.76736111111111,131.96875,83.5357638888889,157.17083333333332,151.51006944444444,85.89826388888889,11.868055555555555,1.962361111111111,24.338541666666668,13.295138888888888,12.85406814404184,0.0871754824931869,28.71388888888889,83.30243055555556
67.15277777777779,122.18402777777776,61.790625,107.36875,107.26527777777778,73.36423611111111,14.280208333333334,1.4746527777777778,25.85833333333333,7.134166666666666,14.744126679739312,0.0658952418827212,24.338541666666668,151.51006944444444
92.43402777777776,151.13888888888889,51.35243055555555,92.87951388888888,91.12777777777778,88.24513888888889,12.947569444444444,1.446527777777778,24.668055555555554,10.922083333333331,13.493514797664297,0.118553639269131,25.85833333333333,107.26527777777778
58.04861111111112,107.3611111111111,34.810069444444444,57.890625,59.09513888888889,63.109375,15.723958333333334,0.9361805555555556,20.448958333333334,7.085069444444444,12.08731711796036,0.1178975467141222,24.668055555555554,91.12777777777778
58.208333333333336,109.5763888888889,50.65113636363637,83.93181818181819,85.82045454545454,67.59318181818182,13.072916666666666,1.3220833333333333,22.73923611111111,8.440173611111112,13.56109139925817,0.0972141145228891,20.448958333333334,59.09513888888889
76.35069444444444,129.48263888888889,63.04537037037037,126.03240740740742,118.29814814814816,41.16759259259259,15.413194444444445,1.43625,21.41145833333333,9.689131944444444,10.62636966695822,0.0812177900063643,22.73923611111111,85.82045454545454
75.70486111111111,136.40217391304347,85.91527777777777,179.79756944444443,165.48333333333332,58.80144927536232,14.911111111111111,2.352847222222222,23.453125,9.700486111111111,11.144960384830332,0.0582670103780825,21.41145833333333,118.29814814814816
60.38194444444445,123.16666666666669,79.63680555555555,148.09201388888889,143.50833333333333,78.75659722222223,9.698263888888889,1.862430555555556,19.921875,6.905520833333334,10.641176843042956,0.0477863156680699,23.453125,165.48333333333332
51.20486111111112,120.11805555555556,86.83125,154.50069444444443,152.76006944444444,86.55416666666666,11.939236111111112,1.9937152777777776,24.434375,6.938124999999999,13.644101923781156,0.0451230610461374,19.921875,143.50833333333333
48.02430555555555,117.74305555555556,78.30381944444444,125.73229166666664,130.50069444444446,105.53194444444443,9.778472222222222,1.6220138888888889,17.334375,6.657916666666666,10.710354498697225,0.0506302776178832,24.434375,152.76006944444444
47.49305555555555,165.12152777777777,44.58263888888889,46.275,60.85486111111111,98.69895833333334,9.667013888888889,0.6071527777777778,27.02048611111111,3.929270833333333,25.48164092848026,0.063524042617687,17.334375,130.50069444444446
29.1268115942029,77.04347826086956,41.853125,45.84548611111112,58.128125,80.04618055555555,8.250347222222222,0.6703472222222223,22.38020833333333,4.235972222222222,19.995131541155533,0.0716405639824063,27.02048611111111,60.85486111111111
30.819444444444443,65.74305555555556,36.134375,51.64965277777778,56.85208333333333,57.94444444444445,10.040625,0.7256597222222222,27.634722222222223,2.839409722222222,18.966191857205978,0.0490805094409833,22.38020833333333,58.128125
32.34375,65.17361111111111,30.508333333333336,48.96736111111111,50.85,47.21041666666667,10.047569444444443,0.6547222222222222,40.33923611111111,3.140034722222222,24.629734977462142,0.0605599753562627,27.634722222222223,56.85208333333333
20.71180555555556,46.5,27.80902777777777,46.53263888888889,47.36076388888889,42.57569444444445,5.475793650793651,0.6036111111111111,29.001041666666666,2.026736111111111,16.967094445946007,0.0419086868802906,40.33923611111111,50.85
44.06944444444445,80.30208333333333,48.04548611111111,104.71493055555555,94.75451388888888,43.87604166666667,11.771527777777775,1.1576388888888889,21.652430555555554,4.365659722222222,9.840630325931498,0.0455922080841851,29.001041666666666,47.36076388888889
50.35416666666666,83.13541666666667,45.02777777777778,86.51805555555556,82.62013888888889,41.28020833333333,10.05625,1.2822222222222222,31.14270833333333,4.4532638888888885,16.022830275763198,0.053255877687625,21.652430555555554,94.75451388888888
72.15625,115.47916666666669,71.74166666666666,146.5559027777778,136.27048611111113,73.13229166666666,11.842361111111112,1.816493055555556,29.52118055555556,6.459131944444445,14.353195332434428,0.0470540472860001,31.14270833333333,82.62013888888889
71.79166666666667,117.92708333333331,53.661458333333336,104.30451388888888,99.10486111111112,55.37777777777777,8.219097222222222,1.3064583333333333,31.86215277777778,6.433506944444445,16.236432044110394,0.064267677643582,29.52118055555556,136.27048611111113
64.95833333333333,96.43560606060606,49.54431818181818,94.46742424242424,90.52462121212122,54.97738095238096,10.91439393939394,1.4622916666666668,18.757196969696967,6.287765151515152,9.73434176359322,0.0687002586652871,31.86215277777778,99.10486111111112
53.29861111111112,94.74652777777776,49.27007575757575,87.26363636363637,86.4715909090909,59.90871212121212,9.320833333333333,1.108611111111111,13.282954545454546,5.671884057971014,7.414742964392612,0.0648425848783954,18.757196969696967,90.52462121212122
38.88888888888889,61.29166666666666,39.34826388888889,59.87951388888889,63.84166666666667,62.96111111111111,10.09375,0.8267708333333333,25.258333333333336,4.663125,16.32522176848245,0.0719155635522426,13.282954545454546,86.4715909090909
39.29513888888889,70.375,42.09166666666667,49.07291666666666,60.32534722222223,71.31631944444445,5.107638888888888,0.8591319444444445,5.777430555555555,3.7318402777777777,4.856551152254815,0.0608531455069444,25.258333333333336,63.84166666666667
34.56597222222222,65.34722222222221,41.02881944444445,45.32083333333333,57.422222222222224,71.84236111111112,8.581746031746032,0.7688541666666667,9.109722222222222,3.3397916666666667,8.06896425103029,0.0571664606314187,5.777430555555555,60.32534722222223
38.083333333333336,68.45486111111111,43.359375,62.82743055555556,68.63854166666667,53.53854166666667,9.359126984126984,1.0446527777777777,7.252083333333334,4.358472222222223,4.926499438318383,0.0625870691417488,9.109722222222222,57.422222222222224
47.59027777777778,85.23263888888889,41.86701388888889,75.43645833333333,74.159375,47.64618055555556,9.950347222222222,1.3369444444444445,22.710069444444443,5.351388888888889,12.439126741087495,0.0712005506816533,7.252083333333334,68.63854166666667
70.81944444444444,100.19097222222224,46.84131944444445,76.57951388888888,78.81388888888888,56.18472222222223,11.50138888888889,1.4308680555555555,29.804166666666664,6.122986111111112,17.995298264027205,0.0767157971670205,22.710069444444443,74.159375
77.18402777777779,113.11458333333331,40.28368055555556,64.75138888888888,67.19548611111111,53.90381944444445,12.782986111111112,1.2009027777777777,18.54722222222222,7.278090277777778,11.363263770070107,0.1067239298788715,29.804166666666664,78.81388888888888
45.32291666666666,82.85763888888889,37.72430555555555,63.98229166666667,64.69791666666667,40.645833333333336,10.190277777777778,0.9598958333333332,26.05243055555556,3.289930555555556,15.12427194448749,0.0500766344273558,18.54722222222222,67.19548611111111
45.87152777777778,88.3125,48.701388888888886,90.4513888888889,87.70833333333333,45.46458333333334,11.694791666666667,1.2356944444444444,11.341666666666669,4.195173611111112,6.039874579188498,0.0472917645216846,26.05243055555556,64.69791666666667
81.84583333333333,120.19583333333333,51.57159090909091,87.75984848484849,88.59848484848486,62.08522727272727,12.744927536231884,1.2210869565217393,28.543478260869566,7.107789855072463,16.584442280152995,0.0793293532484624,11.341666666666669,87.70833333333333
85.27430555555556,109.58680555555556,40.78194444444444,71.02395833333334,70.91701388888889,50.6231884057971,13.951041666666669,1.189375,26.659375,5.800486111111112,15.095270731189949,0.0806552691421922,28.543478260869566,88.59848484848486
126.05902777777776,168.73263888888889,69.3951388888889,145.71458333333334,133.85208333333333,67.91562499999999,13.735069444444443,2.2469444444444444,23.10625,9.366145833333333,10.929120960718326,0.069454958364875,26.659375,70.91701388888889
89.57352941176471,125.1470588235294,79.0720588235294,152.53088235294118,145.20441176470587,102.6779411764706,11.19558823529412,1.849705882352941,29.35735294117647,6.563088235294118,15.119735541748808,0.0448898097949084,23.10625,133.85208333333333
83.67592592592592,125.39814814814814,112.89583333333331,129.88854166666667,160.8375,38.56547619047619,33.42,2.4171666666666667,18.0125,7.599259259259259,15.53639586798564,0.0469561088082753,29.35735294117647,145.20441176470587
99.2013888888889,143.375,86.67083333333333,64.49895833333333,101.89340277777778,47.040625,13.067013888888887,1.4921875,26.34166666666667,8.762222222222222,34.85634366534667,0.0851582510216547,18.0125,160.8375
42.13636363636363,85.39015151515152,73.79423076923078,28.532692307692308,70.29423076923077,46.16346153846154,29.69618055555556,0.5645138888888889,27.771875,4.757142857142857,69.39442334928698,0.0667254952583898,26.34166666666667,101.89340277777778
169.26515151515153,337.0265151515151,32.05535714285714,36.947023809523806,44.519642857142856,7.161904761904762,9.897569444444445,0.6543402777777777,22.23819444444445,4.158988095238096,18.785485489116517,0.0913668876596969,27.771875,70.29423076923077
121.1904761904762,205.66071428571428,39.23181818181818,40.37272727272728,53.275,13.529545454545454,50.3546875,0.8265196078431373,12.204166666666666,6.241818181818181,11.57263925510876,0.1150035593149365,22.23819444444445,44.519642857142856
121.1904761904762,205.66071428571428,39.23181818181818,40.37272727272728,53.275,13.529545454545454,50.3546875,0.8265196078431373,12.204166666666666,6.241818181818181,11.57263925510876,0.1150035593149365,12.204166666666666,53.275
121.1904761904762,205.66071428571428,39.23181818181818,40.37272727272728,53.275,13.529545454545454,50.3546875,0.8265196078431373,12.204166666666666,6.241818181818181,11.57263925510876,0.1150035593149365,12.204166666666666,53.275
121.1904761904762,205.66071428571428,39.23181818181818,40.37272727272728,53.275,13.529545454545454,50.3546875,0.8265196078431373,12.204166666666666,6.241818181818181,11.57263925510876,0.1150035593149365,12.204166666666666,53.275
121.1904761904762,205.66071428571428,39.23181818181818,40.37272727272728,53.275,13.529545454545454,50.3546875,0.8265196078431373,12.204166666666666,6.241818181818181,11.57263925510876,0.1150035593149365,12.204166666666666,53.275
121.1904761904762,205.66071428571428,39.23181818181818,40.37272727272728,53.275,13.529545454545454,50.3546875,0.8265196078431373,12.204166666666666,6.241818181818181,11.57263925510876,0.1150035593149365,12.204166666666666,53.275
121.1904761904762,205.66071428571428,39.23181818181818,40.37272727272728,53.275,13.529545454545454,50.3546875,0.8265196078431373,12.204166666666666,6.241818181818181,11.57263925510876,0.1150035593149365,12.204166666666666,53.275
121.1904761904762,205.66071428571428,39.23181818181818,40.37272727272728,53.275,13.529545454545454,50.3546875,0.8265196078431373,12.204166666666666,6.241818181818181,11.57263925510876,0.1150035593149365,12.204166666666666,53.275
121.1904761904762,205.66071428571428,39.23181818181818,40.37272727272728,53.275,13.529545454545454,50.3546875,0.8265196078431373,12.204166666666666,6.241818181818181,11.57263925510876,0.1150035593149365,12.204166666666666,53.275
121.1904761904762,205.66071428571428,39.23181818181818,40.37272727272728,53.275,13.529545454545454,50.3546875,0.8265196078431373,12.204166666666666,6.241818181818181,11.57263925510876,0.1150035593149365,12.204166666666666,53.275
121.1904761904762,205.66071428571428,39.23181818181818,40.37272727272728,53.275,13.529545454545454,50.3546875,0.8265196078431373,12.204166666666666,6.241818181818181,11.57263925510876,0.1150035593149365,12.204166666666666,53.275
121.1904761904762,205.66071428571428,39.23181818181818,40.37272727272728,53.275,13.529545454545454,50.3546875,0.8265196078431373,12.204166666666666,6.241818181818181,11.57263925510876,0.1150035593149365,12.204166666666666,53.275
121.1904761904762,205.66071428571428,39.23181818181818,40.37272727272728,53.275,13.529545454545454,50.3546875,0.8265196078431373,12.204166666666666,6.241818181818181,11.57263925510876,0.1150035593149365,12.204166666666666,53.275
121.1904761904762,205.66071428571428,39.23181818181818,40.37272727272728,53.275,13.529545454545454,50.3546875,0.8265196078431373,12.204166666666666,6.241818181818181,11.57263925510876,0.1150035593149365,12.204166666666666,53.275
121.1904761904762,205.66071428571428,39.23181818181818,40.37272727272728,53.275,13.529545454545454,50.3546875,0.8265196078431373,12.204166666666666,6.241818181818181,11.57263925510876,0.1150035593149365,12.204166666666666,53.275
121.1904761904762,205.66071428571428,39.23181818181818,40.37272727272728,53.275,13.529545454545454,50.3546875,0.8265196078431373,12.204166666666666,6.241818181818181,11.57263925510876,0.1150035593149365,12.204166666666666,53.275
49.91666666666666,98.20833333333331,42.309375,46.56041666666667,36.02291666666667,52.75208333333333,38.27685185185185,0.5283333333333333,12.323809523809524,3.669583333333333,10.963164646470968,0.0991165381801812,12.204166666666666,53.275
50.96180555555555,90.97916666666669,41.719097222222224,64.76180555555555,50.39097222222222,62.667013888888896,16.99861111111111,0.919722222222222,29.115277777777777,3.9029861111111113,18.47064711805959,0.0759469210707674,12.323809523809524,36.02291666666667
72.16319444444444,119.97569444444444,40.91875,86.39166666666667,69.2142361111111,73.91145833333333,16.801041666666666,1.1039930555555555,23.69826388888889,5.303298611111111,11.096061815620928,0.0755302472096807,29.115277777777777,50.39097222222222
56.67045454545455,106.36363636363636,33.95,37.98159722222222,37.509375,60.20972222222222,16.63923611111111,1.1000347222222222,32.515625,1.02125,28.318631031380555,0.0265195163515377,23.69826388888889,69.2142361111111
68.04166666666666,191.4114583333333,34.94734848484848,40.88712121212121,40.705681818181816,53.96477272727272,17.195238095238096,0.7107539682539683,29.191666666666663,1.41768115942029,24.35525092992832,0.0339925184678852,32.515625,37.509375
56.00833333333334,123.5,49.63333333333333,106.84201388888889,97.1892361111111,66.07326388888889,16.376041666666666,0.9167013888888887,32.858333333333334,5.706944444444445,15.12275737720753,0.0581218947256749,29.191666666666663,40.705681818181816
42.67361111111112,67.59027777777779,51.10798611111111,108.81180555555557,99.42638888888888,71.90590277777777,17.001388888888886,0.7563194444444444,34.859722222222224,4.135555555555555,16.224213691388396,0.0411799687443815,32.858333333333334,97.1892361111111
38.03125,65.78819444444444,54.08715277777778,94.39375,94.18020833333333,73.34027777777779,17.413541666666667,0.5892361111111111,29.36388888888889,2.556840277777778,16.648985331670314,0.0268631506754365,34.859722222222224,99.42638888888888
34.42013888888889,63.76736111111112,51.209375,100.54479166666664,95.115625,73.2611111111111,15.40625,0.5555208333333334,24.650347222222223,2.710138888888889,12.431251805870428,0.0281966526138584,29.36388888888889,94.18020833333333
35.84027777777778,72.62152777777779,47.49097222222222,96.14166666666668,89.75243055555556,73.29652777777778,18.141666666666666,0.5421180555555556,35.92430555555556,1.9381944444444443,17.56280549618096,0.0213569425367395,24.650347222222223,95.115625
38.63541666666666,74.59722222222221,45.82361111111111,98.82013888888888,89.82013888888889,70.67569444444445,18.214583333333334,0.6690972222222222,34.83645833333333,3.4618402777777777,15.99208673644495,0.0381175400096344,35.92430555555556,89.75243055555556
44.045138888888886,112.1423611111111,46.61840277777778,99.69861111111112,90.92916666666667,72.80312500000001,15.019791666666668,0.682673611111111,21.11493055555556,4.006909722222223,9.775153067181511,0.0435869253199172,34.83645833333333,89.82013888888889
35.833333333333336,94.24652777777776,42.59201388888889,97.05034722222224,86.25138888888888,73.60868055555555,12.181597222222225,0.4564930555555555,22.24513888888889,1.9128125,9.663048539425091,0.0219230034542589,21.11493055555556,90.92916666666667
29.628472222222225,64.54513888888889,43.67118055555556,108.0642361111111,92.984375,73.0,14.68611111111111,0.5131944444444444,22.89618055555556,2.4138194444444445,9.168021257267124,0.0256831994088851,22.24513888888889,86.25138888888888
31.80208333333333,58.66319444444445,52.46590909090909,93.32462121212122,89.16628787878788,63.08787878787879,14.909848484848483,1.0007971014492754,17.304710144927537,3.214652777777778,9.625348478914743,0.0356524911184021,22.89618055555556,92.984375
31.916666666666668,55.0625,40.24097222222222,50.68229166666666,49.68229166666666,44.76111111111111,13.58125,0.8382986111111111,13.972569444444446,3.500451388888889,10.87935075544657,0.0690665570513479,17.304710144927537,89.16628787878788
29.260416666666668,47.388888888888886,36.57673611111111,36.083333333333336,38.88368055555556,38.597569444444446,9.692361111111111,0.7145833333333332,13.690625,2.894131944444444,13.503596705290262,0.072564314630218,13.972569444444446,49.68229166666666
27.95634920634921,52.24603174603175,29.947569444444444,42.90659722222222,37.19097222222222,38.53541666666667,14.307142857142855,0.6986231884057972,10.585416666666667,3.482430555555556,7.220042562600007,0.0911846531502864,13.690625,38.88368055555556
48.583333333333336,94.6111111111111,32.034375000000004,51.896875,43.65069444444445,36.25555555555555,14.325347222222222,0.7118402777777778,15.542361111111113,3.778090277777778,9.41246196904354,0.0846143676998926,10.585416666666667,37.19097222222222
43.15277777777778,94.66319444444444,25.085763888888888,47.38819444444445,35.61631944444444,36.85590277777778,15.05451388888889,0.5905902777777777,25.428125,2.998333333333333,13.182635707135578,0.0818851642880849,15.542361111111113,43.65069444444445
47.00347222222222,108.10069444444444,35.66631944444445,50.46215277777778,45.85069444444445,35.59548611111111,13.81875,0.8051736111111111,23.58715277777777,3.633333333333333,16.34729369736764,0.0775513229081745,25.428125,35.61631944444444
53.83695652173913,122.3804347826087,47.05760869565218,54.16956521739131,57.13152173913044,45.58478260869565,9.843478260869563,0.6869565217391305,18.068478260869565,2.9526086956521738,15.41174697272886,0.05079187000991,23.58715277777777,45.85069444444445
62.87152777777778,125.3888888888889,60.31130952380953,29.780357142857145,54.761904761904766,41.179761904761904,11.934375,0.8294097222222222,20.37048611111111,4.368784722222222,39.91411429359539,0.0783471214062055,18.068478260869565,57.13152173913044
35.02777777777778,56.66319444444445,33.624652777777776,6.311805555555556,20.389930555555555,36.22326388888889,12.140277777777778,0.6091319444444444,14.422916666666666,3.057986111111111,66.32637606056288,0.1429638166972387,20.37048611111111,54.761904761904766
54.920138888888886,95.31944444444444,41.83298611111111,9.152083333333334,27.975,37.76770833333333,13.152430555555556,0.8840972222222222,16.840972222222224,4.529618055555556,69.39542692253613,0.1563284919950148,14.422916666666666,20.389930555555555
46.045138888888886,84.14930555555556,36.98923611111111,5.907916666666667,21.044791666666665,37.60763888888889,13.651388888888889,0.7150694444444444,20.79027777777777,7.107673611111111,111.32393898852406,0.3224196317472318,16.840972222222224,27.975
39.76041666666666,89.7326388888889,40.86979166666666,9.092028985507246,27.09756944444445,41.85,12.173611111111112,0.8101736111111112,16.09826388888889,3.475243055555556,65.19330179082347,0.1236848284128965,20.79027777777777,21.044791666666665
53.802083333333336,92.2013888888889,38.57222222222222,3.532954545454545,21.58333333333333,40.13923611111111,15.040972222222225,0.9013888888888888,15.7125,4.078159722222222,133.70221024484002,0.1805827183271832,16.09826388888889,27.09756944444445
31.30902777777777,59.87152777777778,37.28958333333333,4.94484126984127,20.91076388888889,43.968402777777776,13.598263888888887,0.7404513888888888,16.443402777777777,2.756840277777778,103.14281077211687,0.1258212763260067,15.7125,21.58333333333333
28.659722222222225,57.32986111111112,31.51875,2.573958333333333,15.469097222222222,40.29409722222222,14.78125,0.545138888888889,15.0875,2.4218478260869567,133.05671087146607,0.1470540730562382,16.443402777777777,20.91076388888889
41.1875,73.35069444444444,32.5125,2.2966666666666664,14.868055555555555,39.92013888888889,15.03923611111111,0.6027083333333333,16.382291666666667,2.4218478260869567,161.56600338094037,0.1526241080772524,15.0875,15.469097222222222
64.17708333333333,123.83680555555556,43.40972222222222,3.8958333333333335,22.78020833333333,40.03541666666667,15.29826388888889,0.9053472222222222,18.672569444444445,2.4218478260869567,165.56344907407404,0.1018430028929641,16.382291666666667,14.868055555555555
58.34722222222222,110.3611111111111,44.64340277777777,20.35735294117647,24.516319444444445,40.65625,15.609722222222222,0.8597569444444444,16.163194444444446,2.149583333333333,33.78602216043751,0.0842434716344387,18.672569444444445,22.78020833333333
49.60416666666666,84.53125,43.30625,33.42430555555556,22.990972222222226,39.594097222222224,9.191319444444444,0.7620486111111111,15.60277777777778,2.1466319444444446,19.628509108147902,0.0894766549917503,16.163194444444446,24.516319444444445
36.76041666666666,64.61805555555556,42.61805555555556,31.251041666666666,21.28020833333333,38.96354166666666,14.55,0.6907986111111111,14.162152777777775,2.1519097222222223,18.714540141300823,0.0965839138497982,15.60277777777778,22.990972222222226
36.458333333333336,62.138888888888886,39.21388888888889,36.72465277777778,21.41875,41.33576388888888,12.197916666666666,0.7421180555555557,14.385763888888889,2.1555555555555554,14.953663060697078,0.0961496763002199,14.162152777777775,21.28020833333333
32.26736111111111,49.67361111111112,43.25138888888889,36.59270833333333,24.710069444444443,41.26006944444445,12.655555555555557,0.8323958333333333,15.223263888888887,2.1484722222222223,17.51476112809587,0.083565399419272,14.385763888888889,21.41875
29.28125,45.57291666666666,42.895833333333336,30.74548611111111,21.632291666666664,38.45659722222222,13.203472222222222,0.7624652777777778,15.690277777777778,2.160798611111112,21.201361924449746,0.0954741412374772,15.223263888888887,24.710069444444443
32.3125,54.552083333333336,43.95451388888889,30.596875,22.06458333333333,37.28888888888888,14.201736111111112,0.7697569444444444,13.543055555555554,2.1410416666666667,18.83978790670471,0.0928281094752055,15.690277777777778,21.632291666666664
41.69791666666666,74.43402777777779,36.70798611111111,35.9375,19.02048611111111,39.95902777777778,15.323958333333332,0.7549305555555555,14.511805555555556,2.570034722222222,14.4216353781517,0.128370245755216,13.543055555555554,22.06458333333333
39.97916666666666,73.18402777777779,37.70069444444445,37.27048611111111,20.476041666666667,39.31493055555556,14.681944444444444,0.7978125,14.916319444444444,2.417777777777778,14.694237224424908,0.1125802331409354,14.511805555555556,19.02048611111111
40.88888888888889,78.35069444444444,39.46527777777778,33.14791666666667,19.89548611111111,38.89618055555555,16.546180555555555,0.8452777777777777,17.985763888888886,2.474409722222222,20.78642673429637,0.1184183851509662,14.916319444444444,20.476041666666667
42.43181818181818,72.87121212121212,37.61354166666667,33.70659722222222,18.51458333333333,39.36180555555556,11.660416666666668,0.8614930555555556,15.47638888888889,2.7452083333333337,16.772655486635657,0.1406747090850859,17.985763888888886,19.89548611111111
45.02777777777778,85.01041666666667,37.402536231884056,33.915942028985505,18.44710144927536,39.28695652173913,12.045833333333334,0.8655208333333334,13.532246376811594,1.965972222222222,14.49596677034532,0.1010933288618946,15.47638888888889,18.51458333333333
31.791666666666668,58.31944444444445,34.33645833333333,33.10798611111111,15.535416666666668,40.05625,10.943402777777775,0.6586458333333334,11.032986111111112,1.418298611111111,11.10689052887242,0.0857733820503128,13.532246376811594,18.44710144927536
52.14236111111112,105.23958333333331,39.284375,42.34201388888889,24.465625,43.54236111111111,10.965625,1.1696527777777777,19.06493055555556,6.6884375,17.28008955037052,0.2626457234016444,11.032986111111112,15.535416666666668
43.02777777777778,85.74652777777777,39.378819444444446,35.02986111111111,20.64444444444445,41.94618055555556,12.005555555555556,0.9419097222222222,25.52083333333333,2.7879166666666664,27.892982568150128,0.128805184804928,19.06493055555556,24.465625
34.5625,76.6875,38.825,32.91111111111111,19.08159722222222,39.47152777777778,8.76626984126984,0.8470486111111111,27.49652777777777,3.820868055555556,31.48091159485583,0.1902671392755252,25.52083333333333,20.64444444444445
46.12847222222222,97.63541666666669,43.80277777777778,35.77638888888889,24.64340277777778,43.16076388888889,13.352083333333333,0.9304861111111112,26.40173611111111,3.6693402777777777,31.44597429933993,0.143091005104735,27.49652777777777,19.08159722222222
51.50347222222222,108.7638888888889,46.09618055555556,40.6875,29.30798611111111,50.73333333333333,8.707291666666666,1.0083680555555554,25.52951388888889,3.655173611111111,28.22939926159606,0.1206010058771638,26.40173611111111,24.64340277777778
37.27430555555556,77.59375,38.66666666666666,27.759375,16.274305555555554,35.39930555555556,11.111805555555556,0.5769444444444444,23.240625,2.170555555555556,31.24676735847006,0.1256522613065327,25.52951388888889,29.30798611111111
29.42708333333333,63.645833333333336,36.52118055555555,30.98611111111111,16.35486111111111,37.94756944444445,8.64375,0.5416319444444444,24.15347222222222,1.5716666666666663,27.578010875006026,0.0905606018166539,23.240625,16.274305555555554
32.03819444444444,67.67708333333333,37.74166666666667,31.27083333333333,17.316319444444442,38.23854166666667,13.796180555555557,0.7013888888888888,24.75625,1.516840277777778,28.953145577792128,0.0828135959507876,24.15347222222222,16.35486111111111
46.701388888888886,83.40972222222221,33.564166666666665,40.37689393939394,27.99242424242425,36.96439393939394,12.568115942028983,0.8564492753623189,24.56811594202898,2.4725757575757576,19.929198633712847,0.0852835118892082,24.75625,17.316319444444442
27.52083333333333,55.51041666666666,23.979166666666668,48.824305555555554,46.29270833333334,30.991319444444443,10.917013888888889,0.9444097222222222,42.59861111111111,2.323402777777778,20.501624342016623,0.0491281396151332,24.56811594202898,27.99242424242425
44.84722222222222,83.82291666666667,22.93923611111111,35.83263888888889,37.71041666666667,28.09097222222222,12.395486111111111,0.9040277777777778,60.36354166666666,2.323680555555556,37.594198421994506,0.0600272679977755,42.59861111111111,46.29270833333334
41.65625,67.94791666666667,21.64548611111111,31.65173611111111,34.43541666666667,29.01736111111111,10.04861111111111,0.8319097222222221,57.80277777777778,1.8485763888888889,38.318612502407454,0.0521674799615889,60.36354166666666,37.71041666666667
18.322916666666668,33.73611111111111,21.772569444444443,30.321875,33.82361111111111,31.18298611111111,11.74375,0.6959375,55.550694444444446,0.9925,38.61458972295818,0.0285007777290312,57.80277777777778,34.43541666666667
21.510416666666668,45.41319444444445,20.782291666666666,21.33159722222222,28.234375,29.80590277777777,11.13125,0.514375,60.02465277777778,0.9987847222222224,55.86030541410765,0.0341647366233149,55.550694444444446,33.82361111111111
46.375,80.76388888888889,21.289583333333333,20.928472222222226,28.15486111111112,28.40486111111112,11.9,0.6763541666666667,62.73888888888889,2.2250694444444443,60.91098320507541,0.0763189862563418,60.02465277777778,28.234375
24.625,61.47916666666666,27.464930555555554,17.028125,31.054166666666664,34.50243055555556,13.546875,0.4398958333333333,67.81458333333333,2.5146527777777776,103.3120650042051,0.0784501061571125,62.73888888888889,28.15486111111112
25.92013888888889,66.17708333333333,27.44236111111111,13.223263888888887,28.6,37.234027777777776,9.040079365079364,0.4273958333333333,67.35555555555555,2.4398263888888887,129.9557888284007,0.0824265671921921,67.81458333333333,31.054166666666664
28.98958333333333,71.23611111111111,21.878125,33.34583333333333,37.84305555555556,34.45868055555555,9.080902777777778,0.4578472222222222,70.33888888888889,1.911340579710145,44.80552236240851,0.0492067514353096,67.35555555555555,28.6
37.5625,80.09722222222221,15.366319444444445,64.52777777777779,46.80763888888888,23.366319444444443,9.764583333333333,0.8498611111111112,72.78645833333333,2.490833333333333,17.068486188754058,0.0521011577066658,70.33888888888889,37.84305555555556
38.84027777777778,74.60069444444444,15.184375,68.43194444444445,48.71215277777778,24.82465277777777,11.36284722222222,1.081597222222222,58.300694444444446,4.092048611111111,12.750033349752954,0.0823148542651794,72.78645833333333,46.80763888888888
27.069444444444443,72.78472222222221,12.752083333333331,46.668055555555554,35.19097222222222,23.474652777777777,9.204166666666667,0.4370138888888888,59.136805555555554,2.1728125,15.820185315356,0.0600374172503118,58.300694444444446,48.71215277777778
29.08680555555556,89.2673611111111,12.958333333333334,41.13784722222222,32.35590277777778,21.332291666666663,11.475347222222224,0.3575347222222222,60.91736111111111,1.794166666666667,18.733455150231688,0.0537885806485192,59.136805555555554,35.19097222222222
25.65625,99.68055555555556,13.228819444444444,37.488194444444446,30.666319444444444,20.62881944444445,7.623412698412698,0.3746527777777778,61.82604166666667,2.1238541666666664,21.250296460479703,0.0670698143619995,60.91736111111111,32.35590277777778
31.225694444444443,118.55208333333331,12.78125,37.98888888888889,30.514930555555555,20.37534722222222,10.882539682539685,0.4471180555555555,43.18514492753623,2.3769202898550725,14.156857231250076,0.0754220379976709,61.82604166666667,30.666319444444444
32.84375,112.90625,13.347569444444444,46.748263888888886,35.70868055555555,21.50555555555556,8.561805555555557,0.7007638888888889,30.06076388888889,3.1714583333333333,8.403198375833748,0.0863953235402616,43.18514492753623,30.514930555555555
36.29861111111111,122.45833333333331,12.59513888888889,40.39305555555556,31.727083333333336,21.80451388888889,7.545486111111111,0.5393055555555556,30.40416666666667,3.431875,9.251423863928688,0.1048634540709147,30.06076388888889,35.70868055555555
29.479166666666668,103.27430555555556,12.844097222222222,35.268750000000004,29.28854166666667,20.53472222222222,9.261805555555556,0.3253472222222222,38.58090277777778,2.1517013888888887,13.662915490577458,0.0710401118868292,30.40416666666667,31.727083333333336
27.5,84.45833333333333,13.197916666666666,35.80625,29.779166666666665,19.584375,7.078819444444444,0.3958333333333333,41.82395833333333,3.1659375,14.99715718807192,0.1028597536212264,38.58090277777778,29.28854166666667
35.666666666666664,102.58333333333331,13.967708333333334,52.042013888888896,39.01840277777778,21.027083333333334,7.548809523809524,0.7026388888888889,36.24722222222222,3.644097222222222,9.545086824080316,0.09106053638517,41.82395833333333,29.779166666666665
53.62847222222222,107.62152777777776,13.647916666666667,46.93125,36.04166666666666,22.48888888888889,5.471527777777777,0.8641666666666666,32.60486111111111,4.889479166666667,9.283889474459466,0.1319994375703037,36.24722222222222,39.01840277777778
48.46180555555555,120.86458333333331,13.407986111111112,43.02222222222222,33.75347222222222,22.55902777777777,8.612499999999999,0.735451388888889,36.13125,4.811875,11.00460798484036,0.1384573883504845,32.60486111111111,36.04166666666666
37.42361111111111,126.14583333333331,14.085069444444445,44.964930555555554,35.36840277777778,21.416666666666668,8.902083333333334,0.6954861111111111,39.83854166666666,3.3871875,12.20775532908039,0.0931354483917472,36.13125,33.75347222222222
43.57986111111112,156.44097222222223,40.28174603174603,35.05,48.407539682539685,19.965,7.159523809523809,0.7322222222222222,29.80579710144928,2.474791666666667,33.3045644691909,0.0500893524058888,39.83854166666666,35.36840277777778
53.02430555555555,102.61458333333331,81.67604166666666,36.184090909090905,83.43229166666667,17.693749999999998,11.1625,1.196875,15.965625,4.849479166666667,35.06900453536611,0.0574363086792918,29.80579710144928,48.407539682539685
43.84027777777778,87.3298611111111,86.60277777777777,31.132291666666664,86.80381944444444,17.102777777777778,11.619097222222225,1.0396527777777778,15.658680555555556,5.71423611111111,42.20319068785128,0.0650795847750864,15.965625,83.43229166666667
47.49305555555555,91.6875,88.76527777777778,10.199166666666668,72.39444444444445,16.455555555555556,8.036111111111111,0.8880902777777777,28.267013888888886,5.073090277777777,224.04607543378444,0.0691209030353493,15.658680555555556,86.80381944444444
39.36805555555556,83.97569444444444,58.47881944444444,46.30486111111111,70.3951388888889,16.98125,11.410069444444444,0.9006944444444445,15.637847222222222,3.516284722222222,19.331688598771592,0.0492510383332198,28.267013888888886,72.39444444444445
23.17708333333333,53.21875,31.497569444444448,87.48784722222223,72.14340277777778,16.084722222222222,12.194444444444445,0.9685416666666667,13.274305555555555,2.4321875,4.725037100437957,0.0332523154191964,15.637847222222222,70.3951388888889
24.84027777777777,88.40277777777777,26.242708333333336,64.19270833333333,55.44652777777778,17.838541666666668,11.241666666666667,0.6262847222222222,14.176388888888887,2.005486111111112,5.70657130746629,0.0355289543939077,13.274305555555555,72.14340277777778
26.96527777777777,101.21875,24.25173611111111,57.76805555555556,50.44583333333333,13.694097222222224,11.785069444444446,0.5933680555555555,26.20069444444444,2.380069444444445,10.81220608011853,0.0462635997948219,14.176388888888887,55.44652777777778
34.79513888888889,146.64236111111111,24.92743055555556,59.910069444444446,52.09652777777777,14.80486111111111,9.286111111111111,0.5246527777777777,19.22951388888889,1.9092361111111111,7.869673708377118,0.0359578336101701,26.20069444444444,50.44583333333333
42.0625,174.88194444444446,24.72395833333333,55.14756944444445,49.43055555555555,14.08159722222222,11.036805555555556,0.4405208333333333,37.759375,1.5727430555555555,16.626921226152557,0.0311863123106582,19.22951388888889,52.09652777777777
40.395833333333336,157.96527777777777,28.79652777777778,68.83715277777777,60.01597222222222,12.925,8.698263888888889,0.6995138888888889,45.18472222222223,2.197604166666667,18.63138826326016,0.036016867168205,37.759375,49.43055555555555
39.38541666666666,140.66319444444443,26.58768115942029,69.04456521739131,58.32898550724637,15.09094202898551,10.819318181818184,0.6618181818181819,27.36340579710145,2.7762681159420293,10.386666067684128,0.0467944646652172,45.18472222222223,60.01597222222222
44.72222222222222,140.99652777777777,25.36805555555556,80.68645833333333,63.51875,15.580902777777778,4.3778985507246375,0.7415972222222221,32.58784722222222,2.453611111111111,10.120285976848962,0.0380294272767391,27.36340579710145,58.32898550724637
42.802083333333336,134.46527777777777,27.119444444444444,92.39826388888888,71.15625,17.20763888888889,6.396180555555556,0.7615972222222221,33.003819444444446,3.3164583333333333,9.583103696048097,0.0459621769885953,32.58784722222222,63.51875
34.76736111111111,120.8263888888889,24.105555555555554,71.96666666666667,57.79479166666667,16.627083333333335,10.942063492063491,0.775798611111111,29.10173611111111,2.8840625,9.614164229184642,0.04905302694754,33.003819444444446,71.15625
35.29861111111111,122.1701388888889,23.460416666666664,60.18541666666667,50.89305555555556,14.928125,9.763095238095238,0.8324652777777778,37.06736111111111,2.780625,14.212794220852674,0.0535837593341005,29.10173611111111,57.79479166666667
34.31597222222222,121.78125,23.54340277777777,76.66666666666667,59.81041666666667,15.951736111111112,10.852083333333333,0.911701388888889,33.092708333333334,2.5506597222222225,10.031523106856518,0.041944453960967,37.06736111111111,50.89305555555556
34.24305555555556,113.86805555555556,26.56145833333333,78.86909722222222,63.528125,16.68576388888889,11.93611111111111,0.956909722222222,31.32986111111111,2.1122916666666667,10.419133675400577,0.0327344342744604,33.092708333333334,59.81041666666667
41.02430555555556,101.85416666666669,26.4,79.72638888888889,63.875347222222224,14.49201388888889,14.003819444444446,1.1088888888888888,60.687847222222224,2.414409722222222,19.846783545240264,0.037216135644746,31.32986111111111,63.528125
30.347222222222225,86.85416666666667,25.98958333333333,90.25763888888888,69.13854166666667,22.64548611111111,12.314930555555556,1.179722222222222,30.70694444444445,2.226458333333333,8.745138503118714,0.0317437215035717,60.687847222222224,63.875347222222224
38.31597222222222,85.7951388888889,26.70208333333333,86.30555555555556,67.53784722222223,16.200347222222224,13.093402777777778,1.199375,51.21340579710145,2.916215277777777,15.66343196233175,0.0425489768933425,30.70694444444445,69.13854166666667
24.51388888888889,62.69791666666666,21.06805555555556,51.636805555555554,44.598958333333336,16.7375,11.154166666666669,0.824375,42.278125,1.5202777777777776,16.921959394830935,0.0333401865600609,51.21340579710145,67.53784722222223
15.600694444444445,33.17013888888889,20.390625,38.2125,36.89965277777778,16.87534722222222,10.65,0.765173611111111,17.789930555555554,1.1059375,9.250820598900225,0.0291806763107988,42.278125,44.598958333333336
11.131944444444445,24.78125,22.787847222222226,27.8125,33.18125,14.609375,10.66904761904762,0.7096180555555556,15.61875,1.1059375,12.352891585321766,0.0323550923386359,17.789930555555554,36.89965277777778
29.18402777777777,62.74652777777778,26.622222222222224,89.61145833333335,69.30972222222222,14.78888888888889,10.346875,1.2216319444444446,45.58402777777778,1.1059375,13.39287701142231,0.0157295103016415,15.61875,33.18125
42.32986111111111,87.06944444444444,29.713405797101448,110.4373188405797,82.9036231884058,13.460869565217392,10.519565217391303,1.538405797101449,43.35378787878788,2.959166666666667,11.559760280366604,0.0352686398300327,45.58402777777778,69.30972222222222
55.594202898550726,100.57971014492756,31.434057971014493,97.0753623188406,77.1945652173913,26.96190476190477,13.317028985507244,1.848659420289855,32.79927536231884,2.75804347826087,10.512470194039103,0.0352715495072214,43.35378787878788,82.9036231884058
60.78125,111.50694444444444,39.92430555555556,68.98090277777779,69.15069444444445,49.489236111111104,17.299305555555556,1.9186458333333327,32.584375,2.9020486111111112,18.589479303629464,0.0413687795123593,32.79927536231884,77.1945652173913
38.395833333333336,76.80555555555556,28.688888888888886,44.54479166666667,47.00798611111111,32.12847222222222,12.812847222222222,1.4789583333333332,25.336458333333336,2.499513888888889,15.959560058652068,0.0520645436595473,32.584375,69.15069444444445
32.604166666666664,63.54861111111112,27.95486111111111,44.46423611111111,46.37916666666666,29.784027777777776,17.80138888888889,1.4519444444444445,28.813888888888886,2.253993055555556,17.716964604691142,0.0475735057016386,25.336458333333336,47.00798611111111
26.09027777777777,52.37847222222222,24.85833333333333,39.28333333333333,41.10069444444444,27.08020833333333,12.717708333333334,1.210902777777778,59.78125,1.481284722222222,36.89025005171701,0.0351843298969072,28.813888888888886,46.37916666666666
18.29861111111111,46.60069444444445,29.91493055555556,47.12847222222222,49.38125,29.17430555555556,12.868055555555555,1.3764583333333331,67.47534722222223,1.550173611111111,41.94025351656127,0.0307688596672593,59.78125,41.10069444444444
26.43115942028985,58.55681818181818,35.046875,51.613194444444446,55.94166666666666,29.78576388888889,13.35138888888889,1.467013888888889,64.19305555555555,1.6273958333333332,42.76049036139012,0.0285800526854968,67.47534722222223,49.38125
44.22569444444445,86.28819444444444,37.115625,68.85868055555555,66.79618055555555,36.22604166666667,17.48888888888889,1.7096875,72.14270833333333,2.482638888888889,38.32911941208193,0.0366191556595801,64.19305555555555,55.94166666666666
39.24305555555556,76.85763888888889,31.289583333333336,53.90347222222223,54.07986111111112,32.35451388888889,9.87673611111111,1.4952430555555554,68.55972222222222,2.167708333333333,39.072303716961166,0.0393557334678181,72.14270833333333,66.79618055555555
53.208333333333336,92.77083333333331,28.96992753623189,51.844927536231886,51.13442028985507,30.45036231884058,13.846739130434784,1.5024637681159418,46.2,2.2294927536231883,25.327135726627,0.0427643146548429,68.55972222222222,54.07986111111112
51.94791666666666,87.61458333333333,33.575,65.56458333333333,62.17083333333333,34.360416666666666,7.084027777777778,1.8476041666666667,13.052083333333334,1.5389583333333334,6.58343635566962,0.0243618494822241,46.2,51.13442028985507
63.84722222222222,110.97222222222224,41.355555555555554,83.24652777777779,77.90277777777777,46.79479166666667,8.767013888888888,1.997847222222222,14.161458333333334,1.7820486111111111,6.951680885848136,0.0225853722936102,13.052083333333334,62.17083333333333
67.74305555555556,123.4548611111111,29.45555555555556,58.88125,55.27430555555555,32.975,6.948958333333334,1.59,28.492013888888888,1.6610763888888889,14.01520672988335,0.0295174924415376,14.161458333333334,77.90277777777777
79.28819444444444,150.26388888888889,30.694097222222226,54.027430555555554,53.692708333333336,31.369097222222223,7.008333333333334,1.5183680555555554,34.40208333333333,1.772951388888889,19.1893548330273,0.0324165952448973,28.492013888888888,55.27430555555555
45.93055555555555,123.25694444444444,25.48958333333333,40.57569444444445,42.30138888888889,27.48333333333333,8.276041666666666,1.1962847222222222,29.830555555555552,1.3716319444444445,18.28877284849699,0.0316763960611989,34.40208333333333,53.692708333333336
52.15625,130.14236111111111,24.15,44.93598484848485,43.42537878787879,27.091666666666665,8.268055555555556,1.3266304347826086,30.70398550724638,1.814886363636364,16.142056221190558,0.0408524679621087,29.830555555555552,42.30138888888889
69.14583333333333,157.16319444444443,31.288888888888888,62.37847222222222,58.620138888888896,35.37673611111111,9.796875,1.5064583333333337,35.20555555555556,2.143333333333333,17.380392386030916,0.0359498212060149,30.70398550724638,43.42537878787879
60.482638888888886,152.67361111111111,23.34826388888889,43.61527777777778,42.17986111111111,27.18958333333333,4.228125,1.264548611111111,29.694444444444443,1.5398263888888888,15.539827598432414,0.035660753630647,35.20555555555556,58.620138888888896
58.645833333333336,148.55555555555557,22.934722222222224,43.396875,41.72361111111111,27.153819444444448,17.74548611111111,1.199548611111111,29.214583333333334,1.284652777777778,15.091790888164155,0.0300689184356815,29.694444444444443,42.17986111111111
56.0,135.47916666666666,22.27847222222222,47.37083333333334,43.308680555555554,26.555208333333336,10.75625,1.229965277777778,37.63506944444445,1.4189236111111112,17.333830976644876,0.0320236033508608,29.214583333333334,41.72361111111111
54.19791666666666,144.78819444444443,30.869097222222223,65.47152777777778,59.89618055555555,33.92118055555556,7.601190476190476,1.3916666666666666,32.878125000000004,1.7486805555555556,15.268462619098614,0.0287157673864329,37.63506944444445,43.308680555555554
58.833333333333336,157.06944444444443,23.37465277777778,49.54652777777778,45.364583333333336,27.796180555555555,11.41840277777778,1.3541666666666667,36.68090277777778,1.7830555555555556,16.962656065624508,0.03845727551861,32.878125000000004,59.89618055555555
80.39930555555556,190.7222222222222,32.829166666666666,79.51944444444445,68.9875,36.94722222222222,8.817361111111111,1.9150347222222224,33.62777777777778,2.2044791666666668,13.710625165303988,0.0314981841995594,36.68090277777778,45.364583333333336
89.67708333333333,197.61111111111111,43.68645833333333,104.54652777777778,91.121875,50.013888888888886,11.838194444444444,2.214965277777777,36.47743055555556,1.9381597222222224,15.098267878859156,0.0210390824353306,33.62777777777778,68.9875
80.23263888888889,173.22569444444446,54.51979166666666,118.74965277777778,107.49097222222224,60.67847222222222,12.297916666666666,2.324236111111111,20.43402777777778,2.0328819444444446,9.303233132731576,0.0187377982038956,36.47743055555556,91.121875
70.85416666666667,151.34375,42.32083333333333,82.36770833333334,78.15034722222222,49.89791666666667,12.871180555555554,1.822673611111111,16.458680555555556,1.5282291666666667,8.355094443680871,0.0193079275113729,20.43402777777778,107.49097222222224
76.49305555555556,169.96527777777777,45.85868055555556,88.90590277777778,84.5736111111111,47.70173611111111,10.89409722222222,2.0835069444444443,18.228125,1.611527777777778,9.29769609864094,0.0188320646616785,16.458680555555556,78.15034722222222
73.64930555555556,160.66666666666666,43.43043478260869,85.57753623188405,80.82934782608696,50.67572463768117,8.717708333333333,1.8495833333333327,19.71231884057971,1.9306597222222224,9.88841465211969,0.0235937322429292,18.228125,84.5736111111111
87.38194444444444,158.29166666666666,25.97048611111111,50.89652777777778,48.19201388888889,30.40659722222222,11.932971014492752,1.4382971014492754,26.33090277777778,1.599236111111111,13.17672634692356,0.0325100760201308,19.71231884057971,80.82934782608696
114.59057971014494,195.1195652173913,34.80694444444445,82.703125,72.29201388888889,40.93333333333333,8.936458333333333,1.9257638888888888,34.186458333333334,1.6803819444444443,14.21603023734954,0.0229272175136558,26.33090277777778,48.19201388888889
124.5138888888889,221.88194444444449,46.128125,111.9625,97.05763888888887,51.49479166666666,11.183333333333332,2.3359722222222223,36.27673611111111,2.1713541666666667,14.813569263475465,0.0221436513388525,34.186458333333334,72.29201388888889
96.3923611111111,171.58680555555554,59.64722222222222,134.55104166666666,120.065625,63.19791666666666,10.226984126984128,2.617118055555556,23.74513888888889,1.9916319444444444,10.44869562482585,0.0164508459312413,36.27673611111111,97.05763888888887
78.92013888888889,154.91319444444443,58.83368055555555,129.446875,116.6934027777778,65.60659722222222,13.620486111111113,2.4118055555555555,20.990972222222226,2.3516666666666666,9.46727282100673,0.0199812955625639,23.74513888888889,120.065625
54.59375,127.77083333333331,35.00208333333333,68.30034722222221,64.78020833333333,43.770833333333336,14.405208333333334,1.3111111111111111,17.675,2.3373958333333333,8.927254302678058,0.0355334209567847,20.990972222222226,116.6934027777778
48.21875,66.71527777777779,36.00868055555555,71.07673611111112,67.04409722222222,42.24444444444445,8.965277777777779,1.695173611111111,10.917013888888889,2.1197569444444446,5.454010363892755,0.0311526940760434,17.675,64.78020833333333
45.75,71.55902777777779,27.96215277777777,44.285069444444446,46.28263888888889,34.003125000000004,11.510763888888889,1.077361111111111,18.98333333333333,2.1047569444444445,11.721630846770584,0.0445143713190476,10.917013888888889,67.04409722222222
45.83680555555555,75.4236111111111,25.554861111111112,41.78333333333333,43.003125,30.315625,11.021875,1.1955555555555557,29.813541666666666,2.1030555555555552,17.80789053031533,0.0477933227595893,18.98333333333333,46.28263888888889
90.73958333333331,124.5,37.73115942028985,71.32065217391305,68.61340579710145,41.14311594202898,15.609313725490196,1.3968115942028985,30.59855072463768,4.080434782608696,15.96388805572164,0.0586156464532381,29.813541666666666,43.003125
148.80208333333334,201.2395833333333,44.61527777777778,108.43333333333334,93.95069444444444,53.2625,9.571969696969695,2.090625,44.56875,6.9378125,18.170397454690832,0.073067527737349,30.59855072463768,68.61340579710145
154.48958333333334,218.1770833333333,53.93645833333333,121.04270833333334,108.23368055555557,65.21909722222223,13.22638888888889,1.994340277777778,32.63645833333333,8.83920138888889,14.423598091870728,0.0809201094747817,44.56875,93.95069444444444
129.2246376811594,177.4963768115942,31.95875,58.24625,56.96625,41.13,16.868750000000002,1.6968055555555557,22.26076388888889,4.26525,12.007953042328042,0.0735816099885709,32.63645833333333,108.23368055555557
91.42708333333331,141.75694444444443,58.68125,70.88020833333333,85.39375,18.34895833333333,9.428125,1.4999019607843138,28.8375,5.765416666666667,23.542232084631543,0.0667341869830475,22.26076388888889,56.96625
125.80434782608695,187.1376811594203,53.092013888888886,67.60034722222223,79.12118055555555,20.963541666666668,14.103968253968254,1.5078125,30.345138888888886,5.0256944444444445,23.485078437434797,0.0627261656605229,28.8375,85.39375
100.53125,157.69444444444443,72.03297101449274,97.35253623188405,110.34855072463768,19.992028985507247,11.06304347826087,1.8838194444444445,26.90108695652174,7.321287878787879,19.70223942602603,0.0657510837019625,30.345138888888886,79.12118055555555
121.69444444444444,184.8333333333333,115.1625,127.95113636363637,120.6559523809524,24.665625,7.290972222222222,2.898298611111111,32.00069444444444,6.709062500000001,28.57888714967203,0.0551478359151001,26.90108695652174,110.34855072463768
129.81944444444443,174.10069444444446,137.78993055555557,213.78194444444443,223.86631944444443,36.61770833333333,12.651041666666666,3.050381944444444,38.26736111111111,8.821111111111112,24.549815133125616,0.0392282451765323,32.00069444444444,120.6559523809524
146.08680555555557,211.2847222222222,168.07604166666667,270.13680555555555,277.9215277777778,40.578125,16.649652777777778,3.497951388888889,26.440625,6.423368055555556,16.390381158644033,0.0230293018496341,38.26736111111111,223.86631944444443
163.58333333333334,229.65625,153.82708333333332,248.94409722222224,254.7336805555556,44.92256944444444,15.390277777777778,3.245173611111111,23.338541666666668,6.413368055555555,14.36361103837108,0.0250783081900794,26.440625,277.9215277777778
182.0034722222222,250.69791666666663,135.5298611111111,215.584375,224.21909722222225,39.8125,11.513541666666669,3.2061458333333337,19.413194444444446,6.1464583333333325,12.148002582266376,0.0272910175431023,23.338541666666668,254.7336805555556
165.02430555555557,216.8993055555556,131.25227272727273,214.03522727272727,219.9928030303031,52.8875,15.755072463768116,3.058478260869565,23.08768115942029,6.957878787878787,14.092159050448194,0.0314846397369995,19.413194444444446,224.21909722222225
270.48263888888886,328.72222222222223,102.11319444444445,198.9465277777778,188.84097222222223,72.16701388888889,9.948611111111113,3.4797569444444445,16.633680555555554,9.204097222222222,8.494862480352577,0.0484831968277542,23.08768115942029,219.9928030303031
262.75347222222223,326.60763888888886,81.64826388888889,157.11979166666666,150.59687499999998,58.35416666666666,7.51031746031746,3.468611111111111,19.85625,7.278020833333333,10.253165165189897,0.0480090426226354,16.633680555555554,188.84097222222223
264.82986111111114,327.65625,89.41805555555555,175.1486111111111,165.86215277777777,66.246875,8.893055555555556,3.422777777777778,17.459374999999998,10.58361111111111,8.862876373918802,0.0634272717624952,19.85625,150.59687499999998
270.34722222222223,337.85069444444446,81.89652777777778,157.99131944444443,150.6159722222222,61.317708333333336,6.453623188405797,3.290104166666667,21.08888888888889,8.829756944444444,10.862899815702534,0.0582376435346979,17.459374999999998,165.86215277777777
203.7708333333333,263.89236111111114,126.53020833333332,263.22743055555554,244.03715277777772,83.12986111111111,14.134375,4.195104166666667,21.204513888888886,7.268368055555555,10.154174963314606,0.0296623102789117,21.08888888888889,150.6159722222222
276.72463768115944,378.9311594202898,101.86736111111112,212.9743055555556,196.0993055555556,73.29791666666667,11.400347222222225,3.9322569444444446,29.913888888888888,9.674930555555555,14.241190846584717,0.0490865786070896,21.204513888888886,244.03715277777772
324.81597222222223,458.0,92.52743055555555,179.57777777777778,170.74791666666667,69.47013888888888,11.98090277777778,3.543333333333333,22.30178571428572,12.010416666666666,11.427358085460916,0.0699304940622763,29.913888888888888,196.0993055555556
381.7395833333333,508.5451388888889,81.77326388888889,146.42395833333333,144.35347222222222,59.63819444444445,10.13125,3.531145833333333,6.060714285714285,9.845243055555557,3.3617628657092857,0.0677331122885303,22.30178571428572,170.74791666666667
154.90277777777777,203.15625,48.812847222222224,67.99479166666667,75.84652777777778,37.63368055555556,9.743402777777778,1.4308333333333334,7.382638888888889,3.7044791666666654,5.223113447768746,0.0482062010319992,6.060714285714285,144.35347222222222
110.28472222222224,159.93402777777777,38.07753623188405,54.20326086956521,59.7927536231884,29.869927536231884,4.931578947368421,1.1481159420289857,27.82717391304348,3.999673913043479,19.19434117141126,0.0657919517486352,7.382638888888889,75.84652777777778
192.57291666666663,204.66304347826087,38.8,75.44513888888889,71.67916666666666,32.92361111111111,13.109027777777778,1.3795833333333334,18.87743055555556,4.635243055555556,9.581306492491892,0.0637767776949683,27.82717391304348,59.7927536231884
395.7142857142857,427.2291666666667,58.013888888888886,132.1704861111111,117.46527777777776,47.12083333333334,14.413194444444445,2.418645833333333,23.61875,6.977048611111111,10.2891832733208,0.0588953045313324,18.87743055555556,71.67916666666666
270.2717391304348,334.0217391304348,64.42717391304348,155.6478260869565,135.16739130434783,54.47282608695652,29.28368055555556,2.462717391304348,29.089583333333334,8.331630434782609,11.96415993308631,0.0611866788000702,23.61875,117.46527777777776
291.53472222222223,359.2048611111111,67.275,117.46785714285714,117.17619047619048,32.47440476190476,19.278472222222224,2.239055555555556,33.061458333333334,7.373095238095238,18.77479396536131,0.0623906999234395,29.089583333333334,135.16739130434783
360.2083333333333,448.28125,91.48229166666664,163.8125,160.7923611111111,41.50902777777778,14.359375,2.064824561403509,33.16770833333333,7.375729166666667,18.41036309542619,0.0455876230250535,33.061458333333334,117.17619047619048
215.55952380952385,304.7976190476191,125.42888888888888,257.6555555555556,239.02444444444444,56.34388888888888,49.680092592592594,3.2614102564102563,22.855263157894736,7.524739583333333,11.083118848928668,0.0313498885530177,33.16770833333333,160.7923611111111
184.3368055555556,251.29513888888889,65.31666666666666,152.67604166666666,135.20277777777778,35.83368055555555,7.764583333333333,2.155798611111112,54.55486111111111,5.431805555555556,23.187359848647457,0.0398802847062182,22.855263157894736,239.02444444444444
154.94444444444443,225.85416666666663,95.078125,210.41701388888887,189.2225694444444,45.36701388888889,10.75625,2.6101041666666664,50.06805555555555,5.094479166666667,22.516526731003268,0.0267816757051772,54.55486111111111,135.20277777777778
170.07638888888889,264.26736111111114,95.05347222222224,208.3451388888889,189.28263888888887,53.47569444444445,14.166319444444444,2.9166319444444446,57.40729166666667,6.803298611111111,26.065866314128836,0.0357536486294145,50.06805555555555,189.2225694444444
208.6875,294.3958333333333,39.26557971014493,77.97246376811594,73.40289855072464,31.201811594202898,12.340625,1.6678125,34.55243055555555,6.954768518518518,17.179674426039263,0.0934744298137398,57.40729166666667,189.28263888888887
180.88541666666663,257.4791666666667,50.60138888888889,108.07222222222224,98.61770833333333,30.37222222222222,13.903472222222222,2.2375000000000003,36.25798611111112,5.591354166666666,16.82100555170009,0.0561281147720975,34.55243055555555,73.40289855072464
195.8368055555556,284.2291666666667,107.03993055555556,260.3114583333333,226.2017361111111,59.12430555555556,17.733680555555555,3.7021527777777776,25.496875000000003,9.672465277777777,10.444179320687455,0.0425721451047695,36.25798611111112,98.61770833333333
216.00694444444449,322.64236111111114,130.74618055555555,279.73939393939395,251.77427536231883,73.17430555555556,13.674305555555556,4.119340277777778,32.76493055555556,10.2290625,15.259310302677768,0.0404671815806334,25.496875000000003,226.2017361111111
228.0,310.78125,76.81458333333333,184.34201388888889,161.5611111111111,48.73506944444444,13.425,1.1325,26.962847222222223,8.345972222222223,11.174691757136928,0.051340521513277,32.76493055555556,251.77427536231883
292.97569444444446,380.1458333333333,126.059375,276.4609848484848,252.2032608695652,72.01423611111112,15.576041666666669,0.2505208333333333,19.31354166666667,9.179097222222223,8.774757982157267,0.0362518918227942,26.962847222222223,161.5611111111111
315.28472222222223,377.6666666666667,70.10381944444444,129.07847222222222,125.65381944444444,50.52881944444445,11.450347222222222,0.2703125,10.833680555555556,7.537465277777778,5.8386477993682,0.059512340889838,19.31354166666667,252.2032608695652
257.8809523809524,292.8901515151515,31.266319444444445,17.26909722222222,34.52465277777778,19.40833333333333,13.270138888888887,0.9679166666666666,9.276736111111113,4.938159722222222,15.876503974099066,0.1390065584345769,10.833680555555556,125.65381944444444
184.29513888888889,263.45486111111114,55.02256944444445,73.40381944444444,83.77777777777779,48.00694444444445,10.89409722222222,2.969513888888889,11.286458333333334,6.2809375,8.346479281098674,0.0740870740498034,9.276736111111113,34.52465277777778
231.7708333333333,326.5416666666667,66.18993055555556,98.096875,105.99131944444444,62.54236111111111,12.981944444444444,3.3676041666666667,10.261111111111113,10.363368055555556,6.853719977217083,0.0968617651354114,11.286458333333334,83.77777777777779
237.98263888888889,319.54513888888886,37.43020833333333,33.10659722222223,47.989236111111104,26.45069444444444,15.177430555555556,1.7366319444444445,18.525694444444444,7.626145833333333,20.330981658980384,0.1556698254293389,10.261111111111113,105.99131944444444
160.89236111111111,242.1284722222222,48.15208333333334,56.87569444444444,69.39166666666667,38.85347222222222,12.356597222222222,2.158055555555556,16.835069444444446,8.433958333333333,14.006633952176404,0.1198147271220551,18.525694444444444,47.989236111111104
139.63541666666666,210.3333333333333,44.54826388888889,53.37361111111111,64.59965277777778,35.13888888888889,11.542361111111113,1.9427777777777773,18.700694444444444,6.553229166666667,15.321466681957252,0.099897314835889,16.835069444444446,69.39166666666667
143.86458333333334,218.25,42.01631944444444,44.85277777777778,58.09618055555556,32.528125,11.97013888888889,1.841805555555556,18.08888888888889,5.200208333333333,16.57540874915019,0.0879956755994523,18.700694444444444,64.59965277777778
119.12318840579712,186.8876811594203,34.27424242424242,29.53787878787879,43.56704545454546,21.14734848484849,25.540625,1.3207954545454546,23.056060606060605,6.036628787878788,25.877010516978263,0.1354505044323754,18.08888888888889,58.09618055555556
152.04861111111111,219.22569444444449,37.65,56.13988095238096,60.257738095238096,20.694047619047616,13.176041666666668,1.675297619047619,39.384523809523806,4.41077380952381,25.95082973071513,0.0720035369681187,23.056060606060605,43.56704545454546
190.0625,268.22222222222223,44.171875,78.68472222222222,77.70034722222222,27.2375,15.786805555555556,2.087673611111111,22.44375,6.150104166666668,12.44131236056159,0.0781458326899235,39.384523809523806,60.257738095238096
175.9375,256.55555555555554,44.925,82.51701388888888,80.31736111111111,26.96770833333333,13.073263888888889,2.021284722222222,25.141666666666666,8.0315625,13.52406321067314,0.0987681153231935,22.44375,77.70034722222222
174.1159420289855,247.0434782608696,37.26319444444445,59.68125,62.03368055555556,21.25208333333333,12.174652777777778,1.6230902777777778,27.63958333333333,7.730520833333333,16.972939221150288,0.1226411144835488,25.141666666666666,80.31736111111111
168.94097222222223,239.8680555555556,39.31041666666667,67.62569444444445,67.75729166666666,22.234375,16.03611111111111,1.7930902777777775,24.41111111111111,6.123993055555555,13.983260305670523,0.0890668161457623,27.63958333333333,62.03368055555556
175.17708333333334,270.58680555555554,59.790625,147.88750000000002,127.27881944444444,41.02534722222222,15.889930555555557,2.911840277777778,21.20625,6.938020833333333,8.516060390605322,0.0540854746199007,24.41111111111111,67.75729166666666
235.26041666666663,343.1319444444444,78.94270833333333,212.32326388888887,177.11215277777777,57.35729166666667,13.952777777777778,3.3817013888888887,13.136111111111113,7.822152777777778,4.861167831272419,0.0439170076594218,21.20625,127.27881944444444
307.5705128205128,424.37179487179486,68.26987179487179,168.7467948717949,146.84166666666667,46.31217948717949,41.80595238095238,2.662777777777778,11.132051282051282,10.612083333333333,4.477160905533292,0.0717800574939405,13.136111111111113,177.11215277777777
307.5705128205128,424.37179487179486,68.26987179487179,168.7467948717949,146.84166666666667,46.31217948717949,41.80595238095238,2.662777777777778,11.132051282051282,10.612083333333333,4.477160905533292,0.0717800574939405,11.132051282051282,146.84166666666667
307.5705128205128,424.37179487179486,68.26987179487179,168.7467948717949,146.84166666666667,46.31217948717949,41.80595238095238,2.662777777777778,11.132051282051282,10.612083333333333,4.477160905533292,0.0717800574939405,11.132051282051282,146.84166666666667
238.16666666666663,366.5166666666667,80.11145833333333,225.7552083333333,185.21354166666663,59.266666666666666,33.625,3.207395833333333,13.323958333333334,3.34952380952381,4.707286508219064,0.0179875415050085,11.132051282051282,146.84166666666667
229.9722222222222,312.40277777777777,48.25798611111111,108.37638888888888,96.86805555555556,33.668055555555554,22.78333333333333,1.2785763888888888,20.372222222222224,4.0711458333333335,8.988433674210839,0.0415983112183353,13.323958333333334,185.21354166666663
168.17013888888889,235.3680555555556,31.552777777777777,41.20104166666667,47.317708333333336,18.61840277777777,18.159027777777776,0.8242708333333333,18.716666666666665,4.194340277777778,13.994034288033742,0.0868075167978153,20.372222222222224,96.86805555555556
146.12847222222223,218.66666666666663,35.91354166666667,51.93194444444444,56.81909722222222,20.921875,14.39826388888889,1.5321180555555556,38.78194444444444,3.677013888888889,26.312975885133778,0.0635951452987346,18.716666666666665,47.317708333333336
175.1875,254.47569444444449,41.37395833333333,73.99236111111111,72.98854166666666,26.677777777777777,13.946527777777776,1.871944444444444,21.43125,4.1379166666666665,11.823812870986858,0.0559264525757085,38.78194444444444,56.81909722222222
286.53819444444446,390.6979166666667,58.284375,133.34305555555554,118.31979166666666,53.39930555555555,14.829166666666666,2.8084375,18.404166666666665,3.9289583333333336,7.984598438129995,0.0329279684321719,21.43125,72.98854166666666
398.6875,533.9236111111111,66.32608695652173,162.54492753623188,140.38405797101447,88.98985507246377,11.978030303030302,3.7814130434782607,16.546739130434784,3.5741287878787875,6.71057473286025,0.025279574226194,18.404166666666665,118.31979166666666
345.75,448.0615942028985,53.16022727272727,132.77613636363637,113.8409090909091,74.26401515151515,35.719791666666666,3.876590909090909,12.542708333333335,5.290492424242424,4.98424639655519,0.0460680124018734,16.546739130434784,140.38405797101447
330.22569444444446,427.0729166666667,29.93958333333333,72.24131944444444,62.77361111111111,43.47986111111111,10.83159722222222,4.3279385964912285,18.290625,11.17875,7.476840881077108,0.1752880196876974,12.542708333333335,113.8409090909091
255.79861111111111,328.29513888888886,19.11111111111111,32.09548611111111,32.60590277777778,24.048263888888886,18.18015873015873,1.948368055555556,19.28229166666667,7.106180555555556,11.134630785640596,0.2114563207108539,18.290625,62.77361111111111
283.4270833333333,374.0138888888889,23.490277777777777,48.8875,45.10590277777778,32.014583333333334,16.4375,2.5721527777777777,16.345833333333335,8.918229166666666,7.696680842079865,0.1934292276989117,19.28229166666667,32.60590277777778
296.3478260869565,395.4710144927536,18.943402777777777,33.13298611111112,33.034375000000004,25.367708333333336,14.104861111111113,1.6002083333333337,10.556944444444444,10.318645833333331,5.858979055120956,0.3031830563462185,16.345833333333335,45.10590277777778
236.6909722222222,318.23611111111114,15.21376811594203,19.75797101449276,22.88297101449275,18.12427536231884,16.976449275362317,1.4617361111111111,16.72391304347826,6.322971014492754,12.257158219221742,0.2647480922978898,10.556944444444444,33.034375000000004
265.8125,371.0,16.985069444444445,25.37534722222222,27.303472222222226,20.09027777777778,13.08514492753623,1.8467708333333333,11.776388888888889,6.652152777777778,7.583702364078642,0.2350295654734156,16.72391304347826,22.88297101449275
268.81060606060606,371.35606060606057,13.923263888888888,16.40625,20.04305555555556,13.475347222222224,19.749305555555555,1.5678124999999998,12.094791666666666,5.5153125,9.674626990657623,0.2620965612830835,11.776388888888889,27.303472222222226
220.21875,309.68055555555554,15.359375,21.47083333333333,23.907638888888886,17.371875,17.256249999999998,1.4605902777777775,8.917708333333334,5.672951388888889,6.095476051131096,0.2277595003763906,12.094791666666666,20.04305555555556
167.55,245.29,13.29,15.86,19.24,15.57,17.65,1.01,17.95,3.64,14.149199288256224,0.1798418972332016,8.917708333333334,23.907638888888886
171.36,243.84,13.88,18.87,21.32,23.65,22.77,1.17,39.83,3.55,27.822868646200305,0.1590501792114695,17.95,19.24
190.08,246.87,14.08,20.31,22.25,25.45,17.37,1.59,18.77,4.35,12.401764429845144,0.1870967741935483,39.83,21.32
208.13,281.76,13.83,19.48,21.61,25.87,14.7,1.35,15.9,5.26,10.737158203125,0.232640424590889,18.77,22.25
112.62,193.48,13.67,17.92,20.64,26.46,14.94,1.12,15.9,3.78,11.488002114164903,0.1746765249537892,15.9,21.61
114.73,178.58,13.33,17.96,20.4,25.86,15.02,0.94,14.82,3.32,10.419335443037976,0.1551401869158878,15.9,20.64
119.95,192.43,13.41,18.45,20.73,26.23,12.85,0.5,31.53,3.6,21.73867866323908,0.1656695812241141,14.82,20.4
175.16,285.76,15.77,26.68,27.0,32.67,13.76,1.43,14.46,4.92,8.238229768786127,0.1757142857142857,31.53,20.73
110.67,156.41,12.66,15.56,18.57,23.02,12.91,1.13,14.71,3.4,11.2456884057971,0.173735309146653,14.46,27.0
108.25,163.72,12.73,16.17,18.95,23.82,13.1,1.26,35.46,3.33,26.29037856726849,0.1669172932330827,14.71,18.57
159.13,224.01,13.0,18.62,20.47,27.39,7.91,1.68,50.91,5.17,33.732415902140666,0.2408011178388449,35.46,18.95
148.46,214.13,14.65,24.64,25.01,32.77,13.49,1.87,25.93,5.3,14.815698127925115,0.2037677816224528,50.91,20.47
310.19,433.02,20.0,43.27,39.28,49.56,12.6,3.43,19.7,8.27,8.899932234018522,0.205312810327706,25.93,25.01
303.69,394.02,17.96,36.78,34.17,42.6,15.47,2.92,23.92,8.44,11.371180518793016,0.2399772533409155,19.7,39.28
250.29,315.01,15.75,29.61,28.55,36.0,15.78,2.18,23.93,5.59,12.312887945115977,0.1891708967851099,23.92,34.17
272.77,343.22,19.41,39.03,36.54,44.37,13.3,2.26,19.01,6.13,9.217689233075191,0.1632924880127863,23.93,28.55
203.11,263.92,14.18,22.61,23.56,29.3,13.79,1.31,25.35,3.52,15.225031766200765,0.1433224755700325,19.01,36.54
197.12,258.34,14.92,25.81,25.85,31.88,11.87,1.09,29.95,3.43,16.6674375233122,0.1277467411545624,25.35,23.56
224.86,288.74,17.26,35.2,32.76,30.3,37.09,0.85,28.86,4.07,13.760320441988949,0.1205568720379147,29.95,25.85
198.56,249.62,22.41,52.26,46.02,29.64,24.39,1.78,31.33,3.57,13.1826004506196,0.0759251382390472,28.86,32.76
155.02,213.72,22.41,49.87,44.74,27.73,15.21,1.68,30.01,5.36,13.220446235502264,0.1171840839527765,31.33,46.02
89.26,133.62,22.0,48.41,43.62,26.6,16.25,1.57,34.6,3.13,15.405788301963169,0.0701479157328552,30.01,44.74
221.71,295.16,18.47,32.11,32.09,26.51,15.77,1.73,35.69,4.58,19.90922077922077,0.1384103958899969,34.6,43.62
178.14,245.93,21.61,41.8,39.8,27.35,13.55,1.89,32.51,6.13,16.41451168224299,0.1502450980392157,35.69,32.09
168.36,221.09,26.21,69.46,58.25,31.25,14.43,2.22,34.76,5.62,12.93016747090548,0.0948523206751054,32.51,39.8
268.99,333.99,40.16,135.02,104.47,44.3,18.35,3.44,37.03,8.63,10.93313336274077,0.0818242154167061,34.76,58.25
149.2,190.71,34.54,102.21,82.45,34.21,14.69,2.15,42.84,7.18,14.336727061331269,0.0860395446375074,37.03,104.47
233.8,276.17,47.7,169.87,129.14,46.01,16.18,2.39,28.7,8.85,8.011880376894716,0.0680036883356385,42.84,82.45
186.45,228.91,24.92,52.83,48.36,29.9,17.4,0.58,30.48,5.24,14.110377113133945,0.106158833063209,28.7,129.14
214.25,260.27,29.54,67.84,60.11,33.96,16.03,1.86,26.86,7.3,11.52592097617664,0.1194567173948617,30.48,48.36
215.23,280.19,32.29,78.67,68.1,30.85,20.76,2.29,25.21,7.43,10.217533576001005,0.1075253256150506,26.86,60.11
109.37,139.53,24.78,38.39,40.52,19.8,11.25,1.14,23.35,1.97,14.68933739527799,0.0474470134874759,25.21,68.1
76.91,99.19,23.29,36.15,38.13,19.47,13.15,1.3,24.5,4.44,15.359488559892329,0.1134679274214158,23.35,40.52
76.61,110.72,23.46,40.21,40.43,19.96,17.64,1.55,28.0,4.12,15.939820431933995,0.0994448467294231,24.5,38.13
109.94,138.05,30.51,64.23,58.96,23.1,16.83,1.61,22.69,6.61,10.612783995094285,0.1102401601067378,28.0,40.43
61.89,82.75,21.47,16.0,25.92,11.97,19.8,0.87,24.41,2.54,30.82839411764705,0.0943536404160475,22.69,58.96
52.27,74.11,21.61,23.99,30.17,11.54,15.88,1.04,35.98,2.97,31.113557422969187,0.095283926852743,24.41,25.92
63.07,88.98,19.61,15.57,23.16,9.1,12.42,0.82,57.36,2.92,67.88350030175015,0.1208609271523178,35.98,30.17
54.32,75.43,18.48,10.73,19.22,8.07,19.81,0.77,65.19,1.89,102.7034271099744,0.0934718100890207,57.36,23.16
73.03,100.51,25.64,43.15,43.64,12.76,18.86,1.8,66.34,4.05,38.5267859569649,0.0907258064516128,65.19,19.22
170.59,206.92,38.04,105.18,86.2,21.02,16.61,2.25,53.43,7.93,19.141808250141267,0.090940366972477,66.34,43.64
128.41,153.13,27.35,45.18,45.58,13.02,19.55,1.76,57.05,5.14,33.787732784755306,0.1103477887505367,53.43,86.2
126.6,154.28,28.14,48.65,48.36,13.76,18.82,1.81,40.04,4.61,22.693365558912387,0.0933954619124797,57.05,45.58
158.16,178.33,35.11,79.71,70.91,17.85,12.79,2.76,39.28,7.64,17.087359682815016,0.1062439160061187,40.04,48.36
138.54,143.77,28.45,44.32,46.58,11.77,12.58,1.8,51.88,7.67,32.56809355692851,0.1612021857923497,39.28,70.91
123.1,195.78,27.1,36.35,40.66,8.82,16.71,1.53,46.61,5.27,33.818768406961176,0.1265002400384061,51.88,46.58
141.29,225.32,28.85,48.25,48.93,17.09,11.14,1.84,45.62,5.51,26.72359390862944,0.1103544962948127,46.61,40.66
134.6,213.48,32.34,72.29,64.21,27.77,21.77,1.97,42.57,5.49,18.78446991404012,0.0841895414813679,45.62,48.93
147.93,243.59,40.28,119.24,96.14,38.47,16.48,2.22,31.26,4.12,10.471996007984034,0.0424130121474161,42.57,64.21
110.81,199.15,27.79,30.43,38.75,16.4,11.82,1.16,36.27,2.28,32.06946547884187,0.0573584905660377,31.26,96.14
169.92,246.18,31.96,41.22,47.88,19.85,13.33,2.02,19.87,3.93,15.041335859782096,0.0804009819967266,36.27,38.75
110.64,192.63,27.77,25.49,35.87,12.97,13.3,0.92,37.45,3.71,39.25958852397131,0.1006238133984269,19.87,47.88
66.98,139.81,27.92,22.35,34.23,12.55,11.43,0.87,54.0,2.95,64.56873661670235,0.0837354527391427,37.45,35.87
66.27,129.56,22.1,35.62,36.71,16.23,11.11,1.11,30.5,3.54,18.406608410704536,0.0938743038981702,54.0,34.23
96.75,188.15,14.43,96.54,63.09,27.5,9.36,1.95,27.92,4.44,4.130465450071766,0.0692775784053674,30.5,36.71
91.79,167.25,12.92,77.05,51.5,25.56,13.34,1.56,29.51,3.72,4.884935297885971,0.0708571428571428,27.92,63.09
81.32,160.46,12.68,75.95,50.67,26.43,11.32,1.78,28.21,3.01,4.648509421702404,0.0582543061737952,29.51,51.5
69.27,118.68,11.33,52.22,36.97,20.33,10.51,1.12,25.56,2.48,5.441465614430665,0.065314722149065,28.21,50.67
62.74,112.06,10.88,41.12,30.67,17.99,8.28,1.12,29.04,2.42,7.501310541310541,0.0764130091569308,25.56,36.97
70.64,128.8,12.58,55.79,39.88,20.43,9.64,1.43,32.21,3.82,7.13509068497975,0.0934442270058708,29.04,30.67
108.55,194.53,16.38,123.24,78.87,29.36,14.36,1.76,29.09,5.05,3.83527205408886,0.0632277450857643,32.21,39.88
55.22,85.83,13.02,47.97,36.05,14.86,11.98,0.85,17.03,1.36,4.527886461098632,0.0367071524966261,29.09,78.87
57.95,134.93,12.14,41.38,31.84,15.77,10.83,0.79,23.55,1.33,6.746035865974517,0.0404993909866017,17.03,36.05
49.95,107.65,11.98,50.53,36.59,17.75,7.4,0.9,37.03,1.74,8.608954007374345,0.0462889066241021,23.55,31.84
53.6,107.64,10.36,35.49,27.2,16.74,11.35,0.78,39.25,1.82,11.143600986571665,0.0645390070921985,37.03,36.59
67.53,117.87,10.15,36.41,27.6,18.07,12.89,0.93,40.33,2.41,10.942248062015503,0.0842657342657342,39.25,27.2
84.36,156.65,12.18,70.11,47.18,22.68,13.14,1.22,31.77,3.05,5.441690338911545,0.0633042756330427,40.33,27.6
63.66,121.59,11.74,47.66,34.81,17.76,14.23,0.91,33.61,2.33,8.10894780106864,0.0650656241273387,31.77,47.18
57.72,102.44,11.57,38.89,30.01,14.82,9.83,0.86,39.32,2.8,11.40467285033843,0.0902934537246049,33.61,34.81
88.17,150.74,12.83,53.29,38.75,17.08,13.18,1.17,35.59,3.59,8.410751519616873,0.090314465408805,39.32,30.01
96.54,168.61,13.54,72.99,49.82,21.63,10.71,1.25,30.93,3.29,5.660118934991215,0.0647382920110192,35.59,38.75
89.73,155.2,11.35,51.31,35.13,17.52,11.93,1.01,33.36,2.85,7.238310074555533,0.0788818156656518,30.93,49.82
80.01,138.17,12.45,69.86,47.1,23.6,12.06,1.31,28.65,2.56,5.033763759525825,0.0532224532224532,33.36,35.13
47.43,104.81,12.62,78.98,50.71,24.08,11.11,1.2,30.89,3.29,4.874116029007252,0.0636240572423129,28.65,47.1
35.78,83.25,11.27,46.66,32.62,16.98,10.56,0.82,34.81,2.75,8.231403692824172,0.0817965496728138,30.89,50.71
69.61,137.88,11.19,56.64,37.85,19.8,16.31,1.03,38.56,3.73,7.48588480222068,0.096010296010296,34.81,32.62
76.35,135.69,11.95,52.24,36.07,16.74,13.11,0.96,36.7,3.16,8.237509391435012,0.0852441327218775,38.56,37.85
90.04,154.84,10.73,50.83,34.22,21.04,14.15,1.13,33.03,3.06,6.837968358093768,0.0868824531516184,36.7,36.07
103.46,183.88,12.84,70.87,46.93,21.03,14.22,1.33,34.6,4.53,6.181494364825379,0.0945128312121844,33.03,34.22
101.85,187.54,14.07,90.29,59.38,26.41,13.56,1.57,31.38,5.0,4.836418008544199,0.0828088771116263,34.6,46.93
99.09,173.78,13.25,77.93,52.12,22.89,10.56,1.35,14.0,2.86,2.3501837070822247,0.0538403614457831,31.38,59.38
118.42,188.47,12.48,63.99,43.3,21.71,13.22,1.67,25.23,2.96,4.844905370056932,0.0668171557562076,14.0,52.12
126.32,199.66,13.23,84.35,54.84,23.82,15.29,1.3,33.16,4.23,5.140091388400704,0.0757521489971346,25.23,43.3
84.96,166.42,10.71,55.01,36.6,22.42,13.52,1.12,26.23,2.75,5.01559185859668,0.0731382978723404,33.16,54.84
116.98,145.39,10.0,51.33,32.84,19.7,13.38,1.05,32.32,2.68,6.176189566214409,0.0791962174940898,26.23,36.6
90.52,131.24,11.22,49.29,33.76,18.34,10.99,0.98,38.2,2.41,8.52264863790018,0.0693325661680092,32.32,32.84
73.5,133.51,11.2,70.12,45.87,25.74,17.08,1.16,32.69,3.35,5.148031496062991,0.0714742905909963,38.2,33.76
66.42,131.67,13.38,50.37,36.83,13.08,19.2,0.91,39.95,3.54,10.405509051975864,0.0935765265662172,32.69,45.87
67.69,134.29,11.94,62.52,42.95,24.2,15.83,1.17,30.71,3.94,5.772629093198992,0.0896473265073947,39.95,36.83
75.44,166.52,15.2,70.34,49.02,19.39,12.99,1.46,34.33,3.98,7.314493972525931,0.0795681727309076,30.71,42.95
105.04,153.13,13.79,65.72,44.71,18.58,18.85,1.12,34.72,3.95,7.176091127098321,0.0864143513454386,34.33,49.02
43.03,77.79,12.8,44.58,32.9,15.84,9.39,0.72,34.23,1.85,9.612637121544536,0.0545722713864306,34.72,44.71
37.17,66.03,14.19,47.79,36.41,13.6,14.65,0.92,36.24,2.75,10.53997950399672,0.0735097567495322,34.23,32.9
51.27,72.77,14.94,74.4,48.48,18.24,17.04,1.3,34.89,3.39,6.913217506631298,0.0685125303152789,36.24,36.41
42.11,60.71,13.4,52.29,38.36,16.68,10.37,1.1,36.03,3.53,9.05989866766748,0.0896849593495934,34.89,48.48
52.94,76.35,11.32,41.52,31.22,18.73,15.16,0.89,31.92,2.79,8.497986829727187,0.0865921787709497,36.03,38.36
53.89,77.77,10.78,36.19,27.89,18.09,12.36,0.85,38.79,2.68,11.24378058617908,0.0927656628591208,31.92,31.22
57.36,78.54,11.8,62.08,42.09,22.85,12.51,1.2,35.45,3.92,6.631420418516171,0.0909723833836156,38.79,27.89
64.31,95.47,11.99,63.93,41.32,21.97,16.19,1.17,32.65,3.27,6.029162174649622,0.0772684310018903,35.45,42.09
102.14,152.2,13.78,94.25,61.3,28.69,20.37,1.66,25.02,4.2,3.619691338582677,0.0674157303370786,32.65,41.32
89.52,154.18,16.72,95.32,62.75,23.69,19.78,1.7,44.02,3.38,7.641345514950167,0.0530196078431372,25.02,61.3
84.27,153.32,15.06,98.97,64.82,27.6,15.79,1.46,39.94,3.31,6.016769030709213,0.0502886660589486,44.02,62.75
102.84,186.98,15.43,94.6,62.69,27.21,22.21,1.91,30.47,3.71,4.9179089958159,0.0582509028104883,39.94,64.82
67.58,126.0,17.06,88.97,61.17,21.31,10.84,1.06,22.75,2.99,4.313826831165944,0.0480939359819848,30.47,62.69
64.48,116.3,18.92,62.91,48.85,9.4,9.95,1.07,11.66,2.89,3.451841652323581,0.0579739217652958,22.75,61.17
95.47,170.2,17.33,80.65,56.84,20.23,7.93,1.73,24.12,3.73,5.119407225964482,0.0644882434301521,11.66,48.85
70.96,134.63,15.93,73.8,51.51,17.75,9.77,0.95,24.93,3.06,5.309290106951872,0.0582746143591696,24.12,56.84
29.63,85.14,14.93,47.4,37.18,13.83,13.04,0.74,33.82,2.06,10.43249173553719,0.0539549502357255,24.93,51.51
40.55,123.67,14.98,59.72,43.81,16.73,11.11,1.01,26.66,2.73,6.577187088274045,0.0609239009149743,33.82,37.18
43.58,142.84,16.97,79.82,56.24,17.56,14.65,1.3,19.57,2.48,4.109167285325414,0.0433263452131376,26.66,43.81
51.25,144.88,15.71,59.23,44.27,14.72,12.87,1.26,28.86,2.65,7.527653993026731,0.0585376629114203,19.57,56.24
38.66,87.94,18.86,67.82,51.33,11.5,12.73,1.07,39.03,1.77,10.69610287707062,0.0338238104337855,28.86,44.27
35.68,96.3,17.26,55.88,43.3,12.46,11.62,1.39,36.49,2.32,11.072739099859357,0.0523702031602708,39.03,51.33
60.34,177.67,15.94,75.83,53.29,18.39,13.75,1.34,32.77,2.6,6.798825979435116,0.0478909559771597,36.49,43.3
52.32,119.1,18.49,68.84,50.81,10.98,13.11,1.38,34.22,3.0,9.059676403207328,0.0579038795599305,32.77,53.29
68.36,162.65,18.1,80.37,56.63,14.4,16.31,1.87,31.93,4.12,7.10253164556962,0.0714905431199028,34.22,50.81
54.65,157.62,18.14,81.44,57.7,15.78,10.68,1.36,33.42,2.58,7.353697234352257,0.0439522998296422,31.93,56.63
46.99,158.23,16.42,59.38,43.65,13.43,10.5,1.04,39.46,2.53,10.730924147068569,0.0566629339305711,33.42,57.7
54.27,105.53,13.89,50.87,37.97,16.95,18.32,1.15,40.19,2.49,10.762272990167729,0.0638953040800616,39.46,43.65
73.35,178.47,15.88,78.94,54.73,18.42,20.4,1.3,47.83,3.07,9.501381035776832,0.0550870267360488,40.19,37.97
51.11,122.49,15.1,61.75,44.44,16.86,17.09,1.04,43.51,3.2,10.47013545816733,0.0704225352112676,47.83,54.73
49.96,129.84,16.89,47.6,38.25,8.23,18.37,0.81,48.32,2.16,16.79269135802469,0.0550318471337579,43.51,44.44
58.47,118.01,16.71,51.24,40.7,10.38,17.13,1.01,51.07,2.77,16.33575229709035,0.0664268585131894,48.32,38.25
95.04,175.28,12.88,44.73,33.66,17.61,18.43,1.08,45.3,3.68,12.758889131860926,0.1061742642815926,51.07,40.7
124.83,209.04,13.31,61.83,43.7,21.87,21.48,1.98,40.48,4.74,8.575342989017985,0.1060402684563758,45.3,33.66
126.63,221.49,12.94,67.06,46.18,22.61,19.55,1.58,44.35,4.22,8.432104025859536,0.0894446799491309,40.48,43.7
93.96,202.95,12.98,49.23,36.32,19.31,17.98,1.54,45.9,3.49,11.861079036432413,0.0935155412647374,44.35,46.18
135.88,266.15,14.76,73.35,50.72,21.25,15.98,1.8,48.24,4.75,9.576629455279088,0.0918406805877803,45.9,36.32
77.12,163.85,14.18,55.36,40.04,17.24,13.78,1.22,24.28,2.23,6.108772178850249,0.0543372319688109,48.24,50.72
66.73,104.46,12.65,56.13,38.05,13.56,26.84,1.2,33.85,1.84,7.495230176789778,0.0471190781049936,24.28,40.04
98.46,130.31,14.37,57.62,42.29,13.19,14.04,1.16,40.98,2.71,10.045762538382805,0.0626010626010626,33.85,38.05
80.24,131.93,13.8,22.18,22.77,13.08,10.82,0.98,63.28,1.57,37.67316652286454,0.0660496424063946,40.98,42.29
86.09,117.85,14.42,29.74,27.55,21.51,15.21,1.38,51.54,2.73,24.17718932986337,0.0956217162872154,63.28,22.77
102.42,137.89,16.02,33.1,30.62,25.55,19.25,1.72,58.38,3.72,27.426615835777127,0.1176470588235294,51.54,27.55
109.11,139.66,16.41,49.85,39.8,30.16,11.96,1.43,39.19,4.23,12.64715634218289,0.1036764705882353,58.38,30.62
116.4,152.19,14.53,112.42,71.2,15.55,19.75,1.83,69.17,4.53,8.861224651736906,0.0627423822714681,39.19,39.8
109.61,151.02,13.65,78.93,51.95,21.57,14.68,1.38,77.33,4.17,13.205986488177151,0.0787535410764872,69.17,71.2
90.45,123.61,13.19,46.95,34.83,25.34,9.57,1.66,58.86,3.51,16.191103232533887,0.097962601172202,77.33,51.95
114.46,155.25,13.4,43.23,33.67,24.48,16.47,0.83,42.0,3.78,12.724395206873163,0.1090279780790308,58.86,34.83
115.09,154.57,13.16,42.44,33.16,25.71,12.82,0.66,34.33,2.31,10.400156537753224,0.0676229508196721,42.0,33.67
116.67,160.15,13.35,46.06,35.12,24.24,12.76,0.87,43.37,2.61,12.303219294517634,0.0722591362126245,34.33,33.16
108.76,159.41,13.74,47.84,34.85,23.61,8.3,0.93,25.97,2.47,7.30605651105651,0.0688981868898186,43.37,35.12
86.79,113.15,14.14,53.17,38.64,22.28,8.54,0.79,28.04,2.4,7.319283736385453,0.0605449041372351,25.97,34.85
65.18,85.93,13.69,46.73,34.75,23.45,5.53,0.69,23.52,1.58,6.746046511627907,0.0441958041958042,28.04,38.64
65.32,81.3,13.61,46.75,35.86,23.1,6.18,0.77,22.08,1.44,6.293378010471203,0.0390667390124796,23.52,34.75
77.89,98.8,14.1,50.83,37.17,21.78,6.53,0.6,43.27,2.01,11.771310052093384,0.052659156405554,22.08,35.86
84.72,107.06,13.96,48.17,36.85,22.54,8.11,1.19,56.87,2.13,16.146129753914988,0.0562747688243064,43.27,37.17
107.58,132.75,14.44,49.27,37.85,20.43,10.52,1.52,66.21,3.21,19.01874676745573,0.0826254826254826,56.87,36.85
114.46,144.81,12.87,51.77,38.0,21.52,12.58,1.72,67.27,3.39,16.406384309266627,0.0869230769230769,66.21,37.85
105.44,139.42,10.56,50.33,35.35,23.51,8.88,1.24,35.93,2.54,7.391794272355349,0.0698762035763411,67.27,38.0
93.13,122.98,10.22,50.14,34.98,23.93,8.16,0.97,30.89,1.9,6.173167774736019,0.0528071150639244,35.93,35.35
85.22,110.6,8.99,47.69,32.68,25.65,10.96,1.41,30.67,1.9,5.662832203737934,0.0564133016627078,30.89,34.98
105.39,155.66,8.2,48.54,32.48,26.92,4.85,0.88,18.27,1.64,3.024101735970933,0.048984468339307,30.67,32.68
58.03,70.09,7.96,48.64,32.34,27.36,5.59,0.77,31.3,0.83,5.019097502014504,0.0248950209958008,18.27,32.48
68.53,85.53,8.18,50.42,33.47,26.77,8.29,1.03,25.09,0.64,3.991369117075068,0.0185668697418044,31.3,32.34
88.45,121.64,8.41,48.85,32.79,26.62,7.72,1.24,28.58,0.9,4.821620862587763,0.0266350991417579,25.09,33.47
92.78,145.87,8.19,49.68,33.08,26.85,9.11,0.83,10.54,0.56,1.7032872928176794,0.0164319248826291,28.58,32.79
54.47,103.19,8.39,48.73,32.74,26.75,8.44,0.95,5.8,0.8,0.9785240297607078,0.0237107291049199,10.54,33.08
75.93,146.89,8.19,49.0,32.72,26.87,8.73,0.76,5.97,1.4,0.977886,0.0415183867141162,5.8,32.74
83.68,135.38,7.93,49.5,32.77,27.19,5.04,0.71,30.7,1.35,4.820811881188119,0.0399763103346165,5.97,32.72
63.92,89.86,8.08,49.49,32.9,26.99,7.52,0.83,36.05,2.63,5.769142404436522,0.0775811209439528,30.7,32.77
62.39,89.37,8.42,49.83,33.35,26.56,12.06,0.88,37.62,1.72,6.231760771198112,0.0500727802037845,36.05,32.9
85.59,119.82,8.42,49.05,32.89,26.51,14.6,1.36,26.77,2.99,4.503564435564436,0.0882266155208026,37.62,33.35
69.77,111.44,8.37,49.43,33.1,26.57,9.84,1.24,27.26,2.41,4.524414039262344,0.070674486803519,26.77,32.89
52.84,99.12,9.57,62.85,41.22,24.66,9.85,1.01,22.51,1.73,3.3738559122944403,0.040975840833728,27.26,33.1
47.23,104.28,12.22,91.73,58.73,20.15,8.21,0.92,22.48,1.06,2.9624242424242424,0.0177465260338188,22.51,41.22
46.55,91.14,12.22,72.23,47.27,19.57,8.88,1.1,22.18,1.34,3.701209886658473,0.0277605137766728,22.48,58.73
51.43,100.71,12.13,32.07,26.83,19.91,15.83,1.37,22.6,1.34,8.289628061687331,0.0481494789795185,22.18,47.27
47.38,102.83,12.13,35.03,28.43,20.2,15.86,1.36,19.04,1.33,6.41008048848182,0.0451919809717974,22.6,26.83
73.17,154.66,12.35,33.93,27.75,19.48,12.44,1.34,9.6,1.35,3.39421700543945,0.0469565217391304,19.04,28.43
57.84,153.97,12.39,35.92,29.03,18.56,12.8,1.24,42.88,1.11,14.390119176598052,0.0369630369630369,9.6,27.75
40.65,74.33,12.09,30.72,25.8,20.41,18.83,1.49,84.62,1.28,32.25270491803279,0.0477611940298507,42.88,29.03
57.17,100.49,11.91,33.49,26.9,21.06,18.88,1.74,41.94,1.73,14.48261525079733,0.0620071684587813,84.62,25.8
76.68,111.08,11.73,30.69,25.83,21.48,15.47,1.79,42.37,2.21,15.68318396970653,0.0823704808050689,41.94,26.9
55.15,73.39,11.66,29.97,24.82,21.56,17.16,1.7,66.01,1.5,24.85232805941234,0.0580945003872966,42.37,25.83
60.97,87.76,13.36,27.28,24.84,19.42,18.09,1.8,67.79,1.69,32.02526166902404,0.0654024767801857,66.01,24.82
56.32,77.19,14.79,10.07,17.38,17.23,12.44,1.28,23.88,1.48,31.904715447154462,0.0805223068552774,67.79,24.84
48.3,78.19,15.73,9.69,17.94,17.17,10.68,1.34,16.67,1.28,24.52938260056128,0.0675818373812038,23.88,17.38
31.72,49.0,15.29,8.77,17.09,16.47,17.76,1.26,22.47,1.01,35.16543500511771,0.0558319513543394,16.67,17.94
45.43,113.74,16.33,9.71,18.15,16.76,14.01,1.58,23.31,0.8,35.54176470588234,0.04177545691906,22.47,17.09
48.29,83.69,15.3,9.41,17.43,16.57,12.78,1.36,22.95,0.8,33.73054755043228,0.043407487791644,23.31,18.15
61.19,82.42,14.87,10.6,17.72,17.09,20.16,1.25,22.45,0.8,28.778577586206893,0.0427350427350427,22.95,17.43
34.3,47.68,15.64,9.56,17.8,16.82,12.44,1.14,24.74,0.8,36.64143939393939,0.0425531914893617,22.45,17.72
35.91,53.84,16.19,9.54,17.86,16.79,14.27,1.25,31.06,1.1,47.70981024667932,0.0583244962884411,24.74,17.8
39.15,56.22,15.81,9.53,17.92,17.01,15.02,1.39,31.06,3.34,46.63424501424502,0.1765327695560253,31.06,17.86
25.71,45.18,15.9,9.79,17.84,16.96,15.08,1.4,20.78,3.36,30.62113067655237,0.1783439490445859,31.06,17.92
27.36,48.23,15.2,10.15,17.75,17.06,19.13,1.2,21.25,3.39,28.96860986547085,0.1808,20.78,17.84
23.43,37.97,14.69,10.61,17.58,17.13,18.8,1.1,23.55,3.35,29.797545219638245,0.1803013993541442,21.25,17.75
10.02,20.04,14.26,10.23,17.04,17.17,13.43,1.03,22.95,3.37,29.14220837043633,0.1868070953436807,23.55,17.58
19.22,32.33,16.65,8.59,18.1,16.34,10.95,1.12,24.96,3.35,43.33514077163712,0.175392670157068,22.95,17.04
39.72,65.35,15.52,8.91,17.35,16.97,8.62,1.39,21.99,3.48,34.43842583249243,0.1896457765667575,24.96,18.1
53.77,83.62,15.63,9.31,17.66,16.64,5.69,0.96,33.37,1.91,50.58904946653733,0.1023579849946409,21.99,17.35
49.6,77.72,15.28,10.0,17.73,17.06,8.62,0.57,33.82,1.88,46.97905454545455,0.1003737319807795,33.37,17.66
21.43,49.86,11.4,27.9,24.1,23.8,12.9,1.51,27.2,1.92,10.729411764705882,0.0764940239043824,33.82,17.73
40.54,67.29,11.56,28.54,24.58,25.95,7.34,0.72,30.06,1.89,11.763493568043332,0.0738858483189992,27.2,24.1
45.39,74.65,11.51,25.08,22.69,25.2,9.1,0.76,29.46,1.9,13.001710122699388,0.0802026171380329,30.06,24.58
44.54,67.13,11.65,29.4,25.11,25.54,11.32,0.66,30.24,1.9,11.588684210526315,0.0727690540022979,29.46,22.69
39.74,57.11,11.91,27.41,24.26,24.5,6.64,0.68,28.25,1.91,11.842925026399154,0.0756136183689627,30.24,25.11
36.35,48.01,11.78,27.21,24.02,24.54,5.66,0.92,19.9,1.92,8.309890109890109,0.0767386091127098,28.25,24.26
41.69,61.59,12.39,29.51,25.77,23.43,8.55,1.64,12.73,1.91,5.16960668633235,0.0713485244676877,19.9,24.02
71.66,99.89,11.74,39.42,30.41,29.6,12.93,1.69,12.48,1.84,3.6248193963384474,0.058580070041388,12.73,25.77
49.77,66.44,9.22,82.01,51.09,51.35,10.29,0.97,18.26,1.91,2.0281556438983257,0.0366673065847571,12.48,30.41
42.88,61.22,8.85,72.04,45.47,52.18,10.58,0.9,13.77,1.91,1.6684624863088715,0.0411017860985582,18.26,51.09
38.42,63.41,10.66,118.48,71.69,77.37,9.73,1.26,43.8,1.89,3.9078339471041175,0.0260008254230293,13.77,45.47
42.43,64.81,11.41,131.93,79.25,97.41,8.66,1.24,22.55,1.91,1.9355713533438648,0.0238006230529595,43.8,71.69
50.79,74.66,10.04,108.74,65.96,75.48,10.08,1.2,30.08,1.91,2.751988336067067,0.0285244922341696,22.55,79.25
36.32,56.57,10.63,119.81,72.37,89.06,9.17,1.19,40.64,1.91,3.5758894131280528,0.0260324383262913,30.08,65.96
67.98,85.21,9.65,109.77,66.23,66.18,11.44,1.32,29.35,1.91,2.5568971743251785,0.0284099360404581,40.64,72.37
74.92,102.42,10.65,119.64,72.28,81.36,15.1,1.4,45.36,1.89,4.00434350132626,0.0257914847161572,29.35,66.23
58.61,79.41,11.14,139.35,83.17,86.44,14.01,1.05,45.71,1.89,3.6281396508728174,0.0224545562551978,45.36,72.28
63.28,80.47,10.75,119.93,72.53,149.6,9.35,1.06,36.05,1.89,3.204643182006119,0.025703794369645,45.71,83.17
63.96,76.61,10.49,106.37,65.12,94.39,13.21,1.14,40.66,1.87,3.9724634441650366,0.028281911675741,36.05,72.53
33.78,39.1,9.98,99.69,61.1,88.82,7.78,1.31,48.32,1.89,4.7892898996921245,0.0304347826086956,40.66,65.12
24.87,30.21,10.24,111.15,67.44,78.12,8.75,1.33,47.13,1.89,4.303265269728043,0.0276154295733489,48.32,61.1
39.11,46.09,11.45,115.52,70.75,65.37,12.21,1.66,49.56,1.9,4.870082389289393,0.0264808362369337,47.13,67.44
26.61,31.22,10.44,67.81,44.56,49.36,10.98,1.2,51.38,1.9,7.795483214649033,0.0417032484635645,49.56,70.75
20.33,24.31,9.76,58.29,38.94,47.03,9.21,0.99,47.96,1.89,7.894916512059369,0.0473209814722083,51.38,44.56
23.79,28.07,10.35,64.23,42.58,42.6,10.44,1.18,48.08,1.9,7.628821094588379,0.0435979807251032,47.96,38.94
19.11,22.95,17.16,54.57,42.98,46.54,12.34,1.11,47.06,1.9,14.532114450242938,0.0432014552069122,48.08,42.58
20.44,24.24,33.77,32.86,44.93,53.98,11.68,1.29,24.02,1.88,23.95615475487301,0.0409318528195079,47.06,42.98
20.29,24.42,33.15,36.13,46.17,51.61,14.2,1.26,6.06,1.91,5.410422838674925,0.0404918380326478,24.02,44.93
25.0,28.98,39.69,46.41,56.95,45.4,12.05,1.41,7.43,1.89,6.22013710187724,0.0326143226919758,6.06,46.17
32.96,39.19,46.18,72.9,76.32,25.52,15.16,1.68,9.37,2.54,5.8552990527740185,0.0328504914640455,7.43,56.95
28.12,32.11,37.2,56.9,60.49,30.71,14.39,1.5,9.03,2.52,5.801658031088083,0.040982273540413,9.37,76.32
27.84,30.59,37.82,59.55,62.42,39.39,15.91,1.74,9.09,2.54,5.67768455821635,0.0400504572690003,9.03,60.49
20.64,23.25,38.56,60.85,63.71,38.26,13.57,1.59,12.09,2.53,7.53743573160873,0.0390975119765105,9.09,62.42
36.05,41.22,40.96,77.47,74.51,32.62,13.34,1.66,13.84,2.52,7.224243659997451,0.0333730631704409,12.09,63.71
25.16,27.62,33.87,43.57,50.7,37.89,14.81,1.35,14.97,2.54,11.376125196320396,0.0491295938104448,13.84,74.51
20.91,23.3,38.34,61.62,63.95,46.28,14.31,1.5,12.6,2.54,7.714532098371127,0.0391070053887605,14.97,50.7
32.7,36.43,36.01,60.93,61.65,38.0,16.14,1.62,13.52,2.52,7.861378976263523,0.0402234636871508,12.6,63.95
29.85,33.79,36.17,50.55,56.28,34.53,15.37,1.64,12.21,2.53,8.567132880698352,0.0441689944134078,13.52,61.65
29.63,33.37,42.55,72.29,72.96,54.74,13.01,1.53,12.48,2.54,7.245517805976258,0.0343428880475933,12.21,56.28
29.25,32.67,36.93,45.15,53.98,44.16,13.0,1.18,13.11,2.6,10.49084073672806,0.0472899236085849,12.48,72.96
31.29,34.56,36.7,50.79,56.58,35.04,13.43,1.1,15.27,2.55,10.820795520370728,0.0442862104897533,13.11,53.98
34.75,37.82,31.46,37.72,45.63,37.14,12.05,0.93,14.78,2.52,12.00875,0.054042461934377,15.27,56.58
37.98,41.23,43.4,74.36,74.84,29.53,11.57,1.48,13.49,2.54,7.768922505307856,0.0334915611814346,14.78,45.63
37.98,41.23,41.06,81.51,75.46,19.35,14.14,1.66,14.03,2.52,6.98184220094534,0.0329584096259482,13.49,74.84
37.98,41.23,32.46,50.61,53.31,41.41,12.76,0.98,13.62,2.55,8.566270102693275,0.0469526790646289,14.03,75.46
37.98,41.23,33.89,51.41,54.9,35.1,11.57,1.03,13.23,2.54,8.554945621064684,0.0454382826475849,13.62,53.31
18.54,24.89,38.8,58.61,62.59,34.44,11.0,1.13,12.64,2.53,8.227344405301123,0.0397861298946375,13.23,54.9
22.12,28.88,39.97,60.55,64.71,30.1,12.21,1.19,12.45,2.55,8.084914703493094,0.038806878709481,12.64,62.59
25.16,32.01,47.62,74.59,78.33,27.7,14.18,1.64,12.15,2.52,7.654226749570048,0.0317660405899407,12.45,64.71
42.31,55.83,53.36,97.53,95.25,20.68,10.59,1.78,11.73,2.55,6.352509895463311,0.0264935064935064,12.15,78.33
35.56,44.06,33.18,31.81,43.54,31.26,10.5,0.75,16.18,2.54,16.362462663822004,0.0570273911091154,11.73,95.25
38.58,47.57,32.95,41.86,49.05,34.88,19.09,0.82,22.8,2.53,17.528231451236586,0.0505494505494505,16.18,43.54
28.8,38.6,40.11,64.83,67.1,38.9,17.08,0.88,17.96,2.53,10.942968251557042,0.037151248164464,22.8,49.05
28.11,38.41,37.73,57.77,61.41,31.2,9.92,0.88,21.05,2.48,13.513978220180364,0.0397372215991027,17.96,67.1
22.07,29.1,40.39,55.81,62.53,29.72,14.53,0.99,18.99,2.53,13.50125154022179,0.0398237053360617,21.05,61.41
34.63,45.93,41.0,75.27,73.33,22.04,12.01,1.35,39.93,2.52,21.46492723220139,0.0339028655993542,18.99,62.53
26.05,40.67,53.67,98.67,96.12,19.29,16.78,1.45,18.25,2.51,9.82720477576001,0.0258443163097199,39.93,73.33
28.08,38.69,39.26,57.94,62.73,26.54,14.86,0.98,21.99,2.54,14.64756362402443,0.0398556409854071,18.25,96.12
53.36,70.85,38.23,52.66,59.1,27.08,14.2,1.27,18.37,2.54,13.087683563175547,0.0422628951747088,21.99,62.73
44.56,65.79,44.43,71.73,74.23,24.05,14.06,1.66,21.99,2.53,13.433462120170493,0.0336302007177987,18.37,59.1
38.85,58.86,44.02,75.42,75.9,24.81,15.67,1.65,23.07,2.52,13.288947919392829,0.0327698309492847,21.99,74.23
31.36,51.53,41.68,78.67,75.19,24.05,10.61,1.7,13.6,2.29,7.11494916530689,0.0300564378527365,23.07,75.9
14.72,18.85,30.13,40.76,46.17,32.37,12.93,0.9,10.62,2.53,7.662370689655172,0.0536357854568581,13.6,75.19
17.92,21.62,28.72,49.01,49.4,24.43,14.22,1.07,11.44,2.53,6.569822035592881,0.0501984126984126,10.62,46.17
20.78,35.51,29.05,52.3,51.44,20.69,14.21,1.06,11.33,2.53,6.17516885553471,0.0482456140350877,11.44,49.4
28.53,59.69,29.4,58.59,55.07,25.75,12.72,1.13,11.24,2.53,5.545494210437993,0.0451221687176743,11.33,51.44
33.21,78.11,38.51,82.36,75.12,30.7,8.76,1.55,12.56,2.53,5.802370441458733,0.0332369942196531,11.24,55.07
43.2,78.94,36.89,87.89,76.74,33.47,16.24,1.56,13.17,2.52,5.4656463044211945,0.0324157447903267,12.56,75.12
43.15,55.82,34.26,73.21,66.79,30.35,13.39,1.27,10.67,2.53,4.925942595337555,0.037321138811034,13.17,76.74
26.25,40.23,34.21,71.04,65.59,25.55,10.38,1.28,12.85,2.53,6.10214464186563,0.0379936927466586,10.67,66.79
26.71,49.28,43.39,103.34,90.25,21.38,11.08,1.49,11.57,2.57,4.811407897258961,0.0281643835616438,12.85,65.59
32.86,55.32,40.95,88.3,80.26,26.31,7.47,1.22,16.82,2.54,7.713090705487123,0.0312576913610632,11.57,90.25
64.16,95.43,42.53,85.82,80.03,33.5,4.85,1.45,18.83,2.53,9.224140750979036,0.0312230038257435,16.82,80.26
69.48,104.71,39.13,72.29,70.26,28.26,8.3,1.27,25.97,2.54,13.865549188156637,0.0356441201234914,18.83,80.03
85.56,119.57,43.0,106.1,91.29,25.77,7.72,1.85,29.98,2.54,12.036788048552756,0.0275219417054935,25.97,70.26
71.38,103.03,46.17,113.99,98.17,26.02,10.55,1.56,8.09,2.52,3.2482415862248897,0.0254109105576283,29.98,91.29
25.01,38.71,35.05,69.39,65.4,29.5,3.57,1.02,5.21,2.54,2.5942676516550645,0.0382530120481927,8.09,98.17
15.25,26.84,35.49,66.52,64.23,28.61,7.21,0.84,7.23,2.53,3.800247334123224,0.0387858347386171,5.21,65.4
11.16,11.48,34.92,68.93,65.05,23.81,7.35,0.83,10.94,2.53,5.462960102960103,0.0383043149129447,7.23,64.23
31.27,30.05,39.93,81.72,75.92,18.07,13.99,0.97,8.29,2.47,4.001688829787233,0.032111284451378,10.94,65.05
55.81,87.54,38.61,77.91,72.83,17.36,5.04,1.21,9.93,2.67,4.858665568369028,0.0361641609101991,8.29,75.92
57.92,96.82,36.66,74.12,69.23,20.46,13.1,1.45,13.26,2.53,6.471134185303513,0.0360244909582799,9.93,72.83
59.91,116.06,43.98,107.44,92.89,15.74,6.9,1.68,11.71,2.55,4.749223533751383,0.0271594419000958,13.26,69.23
54.55,94.72,47.95,122.93,104.37,18.39,9.61,1.93,14.85,2.53,5.745642701525054,0.0240106292113504,11.71,92.89
54.64,109.95,57.45,155.22,129.27,16.4,9.61,2.24,8.0,2.54,2.9420048649340678,0.0194979657634144,14.85,104.37
42.86,85.05,49.27,114.83,101.14,18.28,10.03,1.67,7.96,2.54,3.385903479236813,0.0248678284707264,8.0,129.27
101.0,78.0,39.46,86.88,78.29,18.8,7.19,1.2,14.58,2.52,6.54673190714611,0.0317820658342792,7.96,101.14
130.0,105.0,32.03,79.01,68.06,15.93,15.03,1.19,9.91,2.51,3.967220347456568,0.0363452070663191,14.58,78.29
105.8,210.6,26.39,56.82,51.67,22.15,6.85,1.37,18.02,2.54,8.224624697336562,0.0482247958989937,9.91,68.06
72.67,148.69,22.76,47.31,43.67,19.03,11.38,1.16,21.59,2.54,10.171566963361624,0.056861428251623,18.02,51.67
51.57,124.73,20.87,35.33,35.76,17.53,12.41,0.95,24.91,2.56,14.309708230112856,0.0696409140369967,21.59,43.67
58.63,157.62,21.15,37.34,37.05,16.77,8.45,1.05,35.2,2.54,19.41784037558685,0.066754270696452,24.91,35.76
54.22,171.48,29.71,68.63,60.66,28.1,10.54,1.61,30.84,2.53,13.15893149504524,0.0410314628608498,35.2,37.05
82.44,199.88,45.99,124.11,103.41,55.07,9.91,2.6,25.26,2.54,9.285487970585889,0.024327171726846,30.84,60.66
98.63,211.85,41.64,110.53,92.65,58.26,11.71,2.48,27.28,2.5,10.18505514211423,0.0266951414842498,25.26,103.41
62.05,162.53,29.79,73.03,63.11,35.2,4.55,1.87,28.96,2.53,11.65363231122518,0.0394634222430198,27.28,92.65
73.43,184.93,35.85,100.64,82.68,32.49,6.83,2.66,33.75,2.52,11.904146989374262,0.030114722753346,28.96,63.11
113.48,227.03,57.69,170.75,137.72,83.77,10.08,4.36,23.87,2.53,8.017818340611354,0.0182381776239907,33.75,82.68
103.23,211.41,59.72,175.93,141.75,120.21,12.75,4.25,14.0,2.43,4.725484654948284,0.0170227670753064,23.87,137.72
115.16,213.73,47.61,145.57,116.13,106.51,14.31,3.5,12.66,2.53,4.11231902845057,0.0215999316998207,14.0,141.75
129.53,219.39,48.91,167.17,173.86,73.18,13.96,3.38,13.95,2.56,4.057171314741036,0.0146402836554958,12.66,116.13
141.07,233.88,40.54,285.96,197.83,19.28,7.4,2.44,12.77,2.53,1.8040695567326457,0.0127244379620781,13.95,173.86
159.38,242.75,51.55,206.07,249.32,20.15,10.28,2.93,15.21,2.53,3.786523880813252,0.0101070629594119,12.77,197.83
235.17,314.3,32.29,195.24,146.44,15.68,8.68,2.07,21.33,2.53,3.509711068079901,0.0171595225176342,15.21,249.32
129.53,209.61,23.53,143.9,95.67,15.23,10.13,1.56,29.53,2.54,4.795313319530711,0.0262749560359987,21.33,146.44
116.24,196.29,23.55,155.47,101.84,15.56,14.45,1.53,26.87,2.52,4.044152233655014,0.0245040840140023,29.53,95.67
178.75,279.01,41.26,194.54,153.21,18.02,18.95,2.68,33.5,2.54,7.0686815996727015,0.0164710459762661,26.87,101.84
174.61,252.47,62.05,203.3,236.32,21.1,13.06,3.19,11.75,2.5,3.568710230053842,0.0105342996797572,33.5,153.21
132.87,216.43,35.76,125.5,178.69,19.4,10.3,2.41,22.23,2.57,6.28414861660079,0.014302409705604,11.75,236.32
115.46,192.56,38.0,293.05,189.27,26.44,16.25,2.95,16.08,2.59,2.0780139432069373,0.0136122352446523,22.23,178.69
134.53,227.88,35.2,260.4,168.79,25.34,14.55,2.65,11.93,2.58,1.6064881407804137,0.0151952411802815,16.08,189.27
184.54,244.36,28.39,180.78,119.24,15.42,13.02,1.88,15.88,2.58,2.480103421718561,0.0214570858283433,11.93,168.79
198.6,240.76,31.01,117.85,127.93,15.78,17.18,1.76,22.61,2.53,5.899336137989063,0.0196230512681299,15.88,119.24
165.34,235.77,37.73,264.89,184.07,16.34,12.15,2.36,25.92,2.56,3.678068374139682,0.0138326038796131,22.61,127.93
205.79,269.36,51.65,250.7,242.21,16.58,12.61,3.25,21.84,2.56,4.481668653158523,0.0105258829817852,25.92,184.07
188.94,264.43,48.47,176.38,200.49,17.74,13.44,3.34,22.68,2.53,6.197426992896607,0.0125564544146111,21.84,242.21
167.66,223.95,72.97,203.97,226.33,20.4,15.89,4.61,12.28,2.52,4.371720739620432,0.0110852065279549,22.68,200.49
185.12,204.97,75.12,177.47,218.24,36.35,8.3,4.23,12.53,2.48,5.274015800974954,0.0113118044152526,12.28,226.33
205.63,227.51,97.08,196.19,183.28,54.21,8.47,4.81,7.55,2.52,3.716993762361174,0.0136748426307792,12.53,218.24
200.05,219.03,67.69,117.85,117.72,38.24,11.85,3.7,16.98,2.51,9.67081363062684,0.0211421832884097,7.55,183.28
165.23,185.36,50.63,75.16,81.13,29.84,15.06,2.81,26.98,2.53,17.93589023109244,0.0308048216242542,16.98,117.72
158.87,175.87,43.19,55.61,64.65,26.07,14.02,2.77,31.88,2.52,24.32250839074368,0.0383853769992383,26.98,81.13
185.27,245.06,58.5,86.25,93.36,32.4,14.81,3.85,31.95,2.53,21.422063037249284,0.0268122085629504,31.88,64.65
203.9,278.89,51.7,69.04,77.79,29.38,19.61,3.34,32.39,2.54,23.908666476299256,0.0322375936032491,31.95,93.36
401.99,514.75,34.7,29.55,43.86,21.1,11.3,3.81,43.34,2.53,49.22743044189853,0.0563976816763263,32.39,77.79
232.68,355.63,44.49,44.07,59.56,24.7,13.91,3.86,32.25,2.52,31.83497892167739,0.0416116248348745,43.34,43.86
229.96,323.59,35.15,23.63,39.72,19.56,12.43,2.58,45.27,2.53,64.60578562728381,0.06213163064833,32.25,59.56
305.92,418.04,37.56,29.29,45.5,21.08,12.6,3.49,51.98,2.51,64.4558864311654,0.0539784946236559,45.27,39.72
466.72,573.92,36.14,25.65,40.96,20.12,11.71,3.39,39.61,2.52,53.715024390243904,0.0600571973307912,51.98,45.5
233.17,418.67,22.76,42.94,38.02,18.32,9.76,3.06,24.31,2.35,12.59207100591716,0.0602255253716043,39.61,40.96
348.34,432.3,19.31,79.45,57.96,20.12,8.99,1.92,23.32,2.22,5.597379738968303,0.037652645861601,24.31,38.02
224.68,306.43,22.07,109.24,75.98,23.12,9.36,2.14,29.31,2.54,5.867849238026126,0.0329955832683813,23.32,57.96
174.94,248.42,22.85,122.07,83.51,23.95,9.48,2.2,28.55,2.54,5.300784106605997,0.0300556147201514,29.31,75.98
233.64,307.89,22.81,122.58,83.72,24.93,7.21,2.46,28.57,2.54,5.273358957760156,0.0299811142587346,28.55,83.51
186.19,248.29,25.71,164.11,108.19,29.13,9.92,2.79,28.06,2.54,4.369345284961541,0.0232622034984888,28.57,83.72
110.18,160.11,23.05,127.85,86.69,25.17,7.33,1.91,28.19,2.53,5.0429142413659305,0.0288516364465731,28.06,108.19
228.04,286.3,17.38,58.78,45.29,20.23,7.33,1.59,27.3,2.53,7.937002341920374,0.0546554331389068,28.19,86.69
169.48,232.31,18.15,60.24,46.8,19.38,8.87,1.41,27.71,2.54,8.212548987589809,0.0531380753138075,27.3,45.29
147.39,215.65,20.59,91.42,65.35,21.55,8.45,1.86,28.53,2.54,6.356120969487125,0.0382818387339864,27.71,46.8
178.8,253.09,26.39,162.69,108.0,28.87,7.29,3.02,20.33,2.58,3.277589956625328,0.0236697247706422,28.53,65.35
173.49,251.91,31.82,238.1,152.52,33.99,9.66,3.78,18.86,2.54,2.5099339188624006,0.0165450755601875,20.33,108.0
195.29,276.99,31.13,239.27,152.58,32.17,10.59,3.24,16.26,2.52,2.1066874765888377,0.0164083865086599,18.86,152.52
134.91,197.62,27.42,192.12,124.48,27.57,14.53,2.18,15.85,2.5,2.250450497100249,0.0199234937838699,16.26,152.58
118.33,186.51,27.14,194.59,125.57,27.69,12.31,2.26,15.48,2.53,2.147999386471701,0.0199889389270759,15.85,124.48
100.64,162.34,24.16,158.07,103.73,26.37,9.18,1.83,15.27,2.54,2.319250644370403,0.0242528406378306,15.48,125.57
59.24,110.47,19.48,98.21,68.0,20.94,8.6,1.14,20.84,2.52,4.091958471928233,0.0365217391304347,15.27,103.73
69.02,124.74,24.17,153.87,101.48,28.34,5.73,1.53,21.55,2.52,3.3632304513462907,0.0245901639344262,20.84,68.0
88.23,146.56,24.82,154.16,112.09,30.22,10.72,1.85,20.18,2.53,3.2280716679556587,0.0223715624723671,21.55,101.48
118.79,189.95,36.81,216.38,183.02,41.43,7.72,2.75,19.87,2.53,3.364682583494342,0.0137485055972176,20.18,112.09
172.73,253.94,47.04,193.95,144.38,52.6,11.3,3.09,8.81,2.54,2.1257881508079,0.0174714541202366,19.87,183.02
93.28,139.56,20.27,145.64,93.94,27.64,11.1,1.29,14.31,2.53,1.9780666939443536,0.0266484095218032,8.81,144.38
100.33,148.94,17.53,112.4,74.05,26.55,10.46,1.07,13.38,2.58,2.0683544973544974,0.0343770819453697,14.31,93.94
93.95,151.65,19.42,142.03,91.33,30.01,7.94,1.43,25.4,2.54,3.448703069286164,0.027510018412217,13.38,74.05
151.53,222.97,20.93,173.35,109.21,31.54,8.98,1.66,23.09,2.52,2.7718594780613706,0.0228654387079212,25.4,91.33
103.19,170.76,15.49,86.17,58.43,25.86,10.34,1.04,34.66,2.53,6.15903866008948,0.0425710920410567,23.09,109.21
99.11,162.25,18.32,125.0,81.39,27.57,11.75,1.4,27.39,2.55,3.982419047619048,0.0309503580531617,34.66,58.43
189.66,267.58,28.79,224.47,168.25,38.3,8.98,2.4,20.91,2.52,2.6699733889209205,0.0148892171344165,27.39,81.39
299.54,399.68,32.8,248.68,209.39,42.81,8.77,3.43,19.71,2.53,2.589266260813841,0.0120252863729264,20.91,168.25
328.89,419.86,43.12,260.53,284.88,52.76,14.46,4.24,13.56,2.55,2.235717508507628,0.0089198265006296,19.71,209.39
399.18,496.86,31.1,243.09,192.38,43.02,20.14,3.28,13.51,2.52,1.7213363923143103,0.0130313372634191,13.56,284.88
349.89,446.27,48.34,258.09,269.07,56.06,17.79,4.11,7.76,2.53,1.447830483615732,0.0093679416447587,13.51,192.38
326.63,409.68,29.49,227.71,174.95,39.08,13.72,2.6,7.05,2.52,0.9090310874032616,0.0143222506393861,7.76,269.07
202.22,267.27,28.26,173.62,157.46,38.48,21.46,2.3,14.54,2.52,2.353111900125988,0.0159030670200681,7.05,174.95
286.6,362.34,44.14,282.35,275.36,51.81,17.86,3.35,9.96,2.53,1.5515595553202752,0.0091547257200752,14.54,157.46
268.56,343.29,28.23,242.56,160.01,36.43,17.83,1.75,6.07,2.53,0.7035477910987026,0.0157133097323147,9.96,275.36
179.88,229.09,23.42,142.23,94.67,31.85,18.52,1.33,8.29,2.58,1.3555246805836765,0.0269677014738162,6.07,160.01
170.8,229.92,33.48,138.16,100.71,21.26,21.3,2.35,15.12,2.54,3.637665995975855,0.0249729623439189,8.29,94.67
199.82,275.47,31.31,135.26,97.4,48.51,24.79,2.45,16.83,2.53,3.86721928665786,0.0257113821138211,15.12,100.71
154.11,186.61,23.96,77.55,60.73,48.76,17.42,1.39,14.23,2.53,4.340557606619988,0.0409849343917058,16.83,97.4
93.38,119.11,22.82,68.71,55.09,37.37,17.14,1.24,14.05,2.55,4.599354468512409,0.0454626493136031,14.23,60.73
98.52,128.91,18.65,38.12,35.38,32.04,17.84,0.76,14.63,2.53,6.974680470347648,0.0695437053326003,14.05,55.09
94.41,121.45,17.09,32.22,30.94,26.46,13.27,0.96,15.02,2.35,7.7270258880192655,0.0735754539762053,14.63,35.38
145.23,194.6,19.33,64.03,49.71,32.95,10.21,1.62,15.31,2.55,4.550858065508227,0.0502859396568724,15.02,30.94
